Chain,Location Number,Location ID,State/ Province,Latitude,Longitude
Best Buy,101,Best Buy0101,CA,33.590983,-117.672732
Best Buy,102,Best Buy0102,CA,34.071261,-117.930864
Best Buy,103,Best Buy0103,CA,33.997453,-117.922631
Best Buy,104,Best Buy0104,CA,33.897409,-118.365546
Best Buy,105,Best Buy0105,CA,34.10749,-117.537874
Best Buy,106,Best Buy0106,CA,34.597692,-118.145468
Best Buy,107,Best Buy0107,CA,33.805627,-118.349464
Best Buy,108,Best Buy0108,CA,34.4712869,-117.351024
Best Buy,109,Best Buy0109,CA,34.035654,-118.439759
Best Buy,110,Best Buy0110,CA,33.914286,-117.464887
Best Buy,111,Best Buy0111,CA,33.74861,-118.014576
Best Buy,112,Best Buy0112,CA,34.182322,-118.874492
Best Buy,113,Best Buy0113,CA,34.428825,-118.537767
Best Buy,114,Best Buy0114,CA,33.916473,-117.931743
Best Buy,115,Best Buy0115,CA,33.557707,-117.199336
Best Buy,116,Best Buy0116,CA,34.188692,-118.600574
Best Buy,117,Best Buy0117,CA,33.868898,-118.056004
Best Buy,118,Best Buy0118,CA,34.223255,-119.157337
Best Buy,119,Best Buy0119,CA,33.688465,-117.892933
Best Buy,120,Best Buy0120,CA,38.419523,-122.7094271
Best Buy,121,Best Buy0121,CA,36.846088,-119.78623
Best Buy,124,Best Buy0124,CA,33.72673,-116.40418
Best Buy,125,Best Buy0125,CA,34.15127,-118.080128
Best Buy,126,Best Buy0126,CA,33.87333,-117.736349
Best Buy,127,Best Buy0127,CA,33.851291,-118.134068
Best Buy,129,Best Buy0129,CA,38.773228,-121.26063
Best Buy,130,Best Buy0130,CA,34.277095,-118.568844
Best Buy,131,Best Buy0131,CA,34.0914688,-117.6916046
Best Buy,133,Best Buy0133,CA,38.598799,-121.421096
Best Buy,134,Best Buy0134,CA,37.703891,-121.882479
Best Buy,135,Best Buy0135,CA,37.934873,-122.059168
Best Buy,136,Best Buy0136,CA,38.260781,-122.056134
Best Buy,137,Best Buy0137,CA,34.18861,-118.327789
Best Buy,138,Best Buy0138,CA,37.990481,-122.307358
Best Buy,140,Best Buy0140,CA,37.502374,-122.244326
Best Buy,141,Best Buy0141,CA,37.694757,-121.064952
Best Buy,142,Best Buy0142,CA,37.427922,-121.923147
Best Buy,144,Best Buy0144,CA,37.600988,-122.063834
Best Buy,150,Best Buy0150,CA,34.066775,-117.267029
Best Buy,179,Best Buy0179,CA,34.01579,-118.40714
Best Buy,183,Best Buy0183,CA,34.12775,-118.265366
Best Buy,184,Best Buy0184,CA,32.806289,-116.963152
Best Buy,187,Best Buy0187,CA,37.769001,-122.412849
Best Buy,188,Best Buy0188,CA,32.65125,-117.095244
Best Buy,190,Best Buy0190,CA,37.256521,-121.877054
Best Buy,191,Best Buy0191,CA,39.726824,-121.800456
Best Buy,192,Best Buy0192,CA,34.917591,-120.419454
Verizon Wireless,1,Verizon Wireless00001,CA,33.668407,-117.768806
Verizon Wireless,594,Verizon Wireless00594,CA,37.323437,-122.035339
Verizon Wireless,596,Verizon Wireless00596,CA,37.69801,-121.77155
Verizon Wireless,597,Verizon Wireless00597,CA,37.419633,-122.093448
Verizon Wireless,598,Verizon Wireless00598,CA,37.70022,-121.907985
Verizon Wireless,600,Verizon Wireless00600,CA,37.717996,-122.180881
Verizon Wireless,602,Verizon Wireless00602,CA,37.69599,-121.92955
Verizon Wireless,627,Verizon Wireless00627,CA,37.829692,-122.285262
A Wireless,43,A Wireless0043,CA,37.768183,-122.233223
A Wireless,44,A Wireless0044,CA,34.095787,-118.125309
A Wireless,45,A Wireless0045,CA,33.575279,-117.725616
A Wireless,46,A Wireless0046,CA,34.184069,-118.159645
A Wireless,47,A Wireless0047,CA,33.839467,-117.941541
A Wireless,48,A Wireless0048,CA,40.437367,-122.290487
A Wireless,49,A Wireless0049,CA,38.714489,-121.363953
A Wireless,50,A Wireless0050,CA,38.7056816,-121.3269333
A Wireless,51,A Wireless0051,CA,34.539322,-117.273239
A Wireless,52,A Wireless0052,CA,34.52734,-117.219452
A Wireless,53,A Wireless0053,CA,36.978541,-121.907893
A Wireless,54,A Wireless0054,CA,34.126709,-118.053619
A Wireless,56,A Wireless0056,CA,34.135387,-118.052422
A Wireless,57,A Wireless0057,CA,37.342827,-120.614577
A Wireless,58,A Wireless0058,CA,38.904202,-121.072838
A Wireless,59,A Wireless0059,CA,38.934013,-121.092235
A Wireless,60,A Wireless0060,CA,38.922973,-121.055979
A Wireless,61,A Wireless0061,CA,35.349274,-119.123787
A Wireless,62,A Wireless0062,CA,34.884312,-117.012764
A Wireless,63,A Wireless0063,CA,33.967133,-118.164726
A Wireless,64,A Wireless0064,CA,37.512177,-122.293768
A Wireless,65,A Wireless0065,CA,37.891663,-122.279068
A Wireless,66,A Wireless0066,CA,34.070362,-118.402855
A Wireless,67,A Wireless0067,CA,34.24362,-116.909055
A Wireless,68,A Wireless0068,CA,38.918003,-119.996666
A Wireless,69,A Wireless0069,CA,33.917888,-117.886146
A Wireless,70,A Wireless0070,CA,37.578241,-122.347603
A Wireless,71,A Wireless0071,CA,34.154134,-118.6447
A Wireless,72,A Wireless0072,CA,38.658085,-120.972208
A Wireless,73,A Wireless0073,CA,37.288445,-121.933395
A Wireless,74,A Wireless0074,CA,36.975979,-121.966133
A Wireless,75,A Wireless0075,CA,33.127117,-117.253822
A Wireless,76,A Wireless0076,CA,33.161976,-117.345062
A Wireless,77,A Wireless0077,CA,37.695397,-122.051919
A Wireless,78,A Wireless0078,CA,33.865326,-118.093135
A Wireless,79,A Wireless0079,CA,34.237953,-118.571716
A Wireless,80,A Wireless0080,CA,39.760829,-121.844584
A Wireless,81,A Wireless0081,CA,39.735889,-121.835628
A Wireless,82,A Wireless0082,CA,34.032738,-117.689332
A Wireless,83,A Wireless0083,CA,32.609097,-117.081375
A Wireless,84,A Wireless0084,CA,32.646435,-116.965691
A Wireless,85,A Wireless0085,CA,38.678409,-121.291945
A Wireless,86,A Wireless0086,CA,38.951187,-122.623825
A Wireless,87,A Wireless0087,CA,36.837575,-119.695496
A Wireless,88,A Wireless0088,CA,37.673264,-122.466383
A Wireless,89,A Wireless0089,CA,37.937267,-122.025039
A Wireless,90,A Wireless0090,CA,37.96721,-122.06207
A Wireless,91,A Wireless0091,CA,39.926853,-122.198021
A Wireless,92,A Wireless0092,CA,33.875988,-117.583832
A Wireless,93,A Wireless0093,CA,33.598648,-117.871997
A Wireless,94,A Wireless0094,CA,41.753994,-124.192623
A Wireless,95,A Wireless0095,CA,33.96935,-118.187794
A Wireless,96,A Wireless0096,CA,33.466481,-117.69524
A Wireless,97,A Wireless0097,CA,37.798894,-121.920196
A Wireless,98,A Wireless0098,CA,37.817812,-121.99665
A Wireless,99,A Wireless0099,CA,38.562035,-121.732659
A Wireless,100,A Wireless0100,CA,38.556151,-121.696227
A Wireless,101,A Wireless0101,CA,35.775985,-119.250601
Best Buy,349,Best Buy0349,CA,38.426171,-121.398346
Best Buy,352,Best Buy0352,CA,32.917907,-117.119131
Best Buy,364,Best Buy0364,CA,38.675655,-121.275338
Best Buy,391,Best Buy0391,CA,37.756951,-121.462509
Best Buy,392,Best Buy0392,CA,33.941517,-117.279705
Best Buy,393,Best Buy0393,CA,34.0891081,-118.3441443
Best Buy,396,Best Buy0396,CA,35.262125,-120.674328
Best Buy,437,Best Buy0437,CA,33.1817741,-117.3455811
Best Buy,438,Best Buy0438,CA,32.769687,-117.152698
Best Buy,499,Best Buy0499,CA,37.827398,-122.286753
Best Buy,528,Best Buy0528,CA,38.000072,-121.314337
Best Buy,529,Best Buy0529,CA,36.293274,-119.316881
Best Buy,649,Best Buy0649,CA,34.283975,-118.777163
Best Buy,660,Best Buy0660,CA,38.63785,-121.49599
Best Buy,685,Best Buy0685,CA,37.375542,-122.06324
Best Buy,764,Best Buy0764,CA,34.153285,-118.447928
Best Buy,774,Best Buy0774,CA,33.721212,-117.795075
Best Buy,775,Best Buy0775,CA,33.978338,-117.549824
Best Buy,797,Best Buy0797,CA,36.985244,-121.964857
Best Buy,838,Best Buy0838,CA,40.592627,-122.359414
Best Buy,845,Best Buy0845,CA,38.644189,-121.120095
Best Buy,846,Best Buy0846,CA,33.996635,-117.719794
Best Buy,847,Best Buy0847,CA,33.824798,-117.516828
Best Buy,851,Best Buy0851,CA,37.322876,-121.949578
Best Buy,854,Best Buy0854,CA,33.630598,-117.724929
Best Buy,856,Best Buy0856,CA,35.385433,-119.094424
Best Buy,871,Best Buy0871,CA,33.136266,-117.174362
Best Buy,872,Best Buy0872,CA,33.925568,-118.129244
Best Buy,873,Best Buy0873,CA,37.676251,-122.46465
Best Buy,884,Best Buy0884,CA,37.004746,-121.552209
Best Buy,947,Best Buy0947,CA,33.7904,-117.892262
Best Buy,1008,Best Buy1008,CA,38.364862,-121.965059
Best Buy,1011,Best Buy1011,CA,33.906416,-118.393994
Best Buy,1018,Best Buy1018,CA,34.114852,-117.836689
Best Buy,1019,Best Buy1019,CA,36.71763,-121.65803
Best Buy,1020,Best Buy1020,CA,33.707852,-116.28244
Best Buy,1021,Best Buy1021,CA,37.966675,-122.520968
Best Buy,1045,Best Buy1045,CA,37.423276,-122.097078
Best Buy,1046,Best Buy1046,CA,37.964019,-121.736123
Best Buy,1061,Best Buy1061,CA,36.665836,-121.813677
Best Buy,1076,Best Buy1076,CA,33.48394,-117.08094
Best Buy,1113,Best Buy1113,CA,32.769896,-115.534334
Go Wireless,169,Go Wireless0169,CA,35.355766,-119.09376
Go Wireless,178,Go Wireless0178,CA,35.629917,-117.669915
Go Wireless,182,Go Wireless0182,CA,33.555279,-117.177212
Go Wireless,183,Go Wireless0183,CA,33.482703,-117.09585
Go Wireless,184,Go Wireless0184,CA,35.400904,-119.09038
Go Wireless,185,Go Wireless0185,CA,32.737966,-117.056065
Home Depot,601,Home Depot0601,CA,33.885131,-117.524614
Home Depot,603,Home Depot0603,CA,33.725453,-117.795
Home Depot,606,Home Depot0606,CA,33.700617,-117.916503
Home Depot,607,Home Depot0607,CA,33.995814,-117.907985
Home Depot,608,Home Depot0608,CA,33.886126,-118.1019
Home Depot,609,Home Depot0609,CA,34.29523,-118.417085
Home Depot,610,Home Depot0610,CA,34.064979,-117.270313
Home Depot,611,Home Depot0611,CA,33.868195,-118.286883
Home Depot,612,Home Depot0612,CA,34.21876,-118.594174
Home Depot,614,Home Depot0614,CA,33.556954,-117.660304
Home Depot,615,Home Depot0615,CA,33.811067,-117.856403
Home Depot,616,Home Depot0616,CA,33.942996,-117.262541
Home Depot,618,Home Depot0618,CA,33.802184,-118.329818
Home Depot,620,Home Depot0620,CA,33.899434,-118.366595
Home Depot,622,Home Depot0622,CA,37.249147,-121.863085
Home Depot,625,Home Depot0625,CA,37.717749,-122.181755
Home Depot,627,Home Depot0627,CA,37.829014,-122.28364
Home Depot,628,Home Depot0628,CA,37.500077,-122.250775
Home Depot,629,Home Depot0629,CA,37.699809,-121.907787
Home Depot,630,Home Depot0630,CA,37.365389,-121.948721
Home Depot,632,Home Depot0632,CA,37.562895,-122.281359
Home Depot,633,Home Depot0633,CA,38.136929,-122.216511
Home Depot,634,Home Depot0634,CA,37.975108,-122.054361
Home Depot,635,Home Depot0635,CA,37.611744,-122.067006
Home Depot,636,Home Depot0636,CA,38.75242,-121.262047
Home Depot,637,Home Depot0637,CA,38.246516,-122.069593
Home Depot,638,Home Depot0638,CA,34.601676,-118.134929
Home Depot,639,Home Depot0639,CA,37.676773,-122.468207
Home Depot,640,Home Depot0640,CA,37.37548,-122.018589
Home Depot,641,Home Depot0641,CA,38.365847,-122.716209
Home Depot,642,Home Depot0642,CA,37.294211,-121.94134
Home Depot,643,Home Depot0643,CA,37.930254,-122.322522
Home Depot,644,Home Depot0644,CA,38.010961,-121.856682
Home Depot,645,Home Depot0645,CA,34.108443,-117.546843
Home Depot,647,Home Depot0647,CA,33.760386,-118.013013
Home Depot,648,Home Depot0648,CA,33.801712,-118.166349
Home Depot,649,Home Depot0649,CA,34.143404,-118.269753
Home Depot,650,Home Depot0650,CA,38.660916,-121.324809
Home Depot,651,Home Depot0651,CA,38.497238,-121.452679
Home Depot,652,Home Depot0652,CA,38.600614,-121.267983
Home Depot,653,Home Depot0653,CA,34.419222,-118.496969
Home Depot,654,Home Depot0654,CA,33.987022,-118.1338
Home Depot,657,Home Depot0657,CA,37.952906,-122.492929
Home Depot,658,Home Depot0658,CA,32.637544,-117.032376
Home Depot,659,Home Depot0659,CA,32.743619,-117.035609
Home Depot,660,Home Depot0660,CA,33.066273,-117.260651
Home Depot,662,Home Depot0662,CA,38.019795,-121.26646
Home Depot,663,Home Depot0663,CA,36.809709,-119.850402
Home Depot,664,Home Depot0664,CA,36.80901,-119.72897
Home Depot,665,Home Depot0665,CA,34.472383,-117.333151
Home Depot,667,Home Depot0667,CA,33.792907,-116.388276
Home Depot,668,Home Depot0668,CA,33.557047,-117.197706
Home Depot,669,Home Depot0669,CA,32.986023,-117.075364
Home Depot,671,Home Depot0671,CA,32.586348,-117.091672
Home Depot,673,Home Depot0673,CA,32.841249,-116.984928
Home Depot,674,Home Depot0674,CA,32.753794,-117.212863
Home Depot,679,Home Depot0679,CA,33.182983,-117.299987
Home Depot,680,Home Depot0680,CA,32.822042,-117.181955
Home Depot,683,Home Depot0683,CA,34.133896,-117.306596
Home Depot,684,Home Depot0684,CA,33.918382,-118.010994
Home Depot,687,Home Depot0687,CA,34.090976,-117.670038
Home Depot,689,Home Depot0689,CA,34.000072,-118.081193
Home Depot,1001,Home Depot1001,CA,37.5191,-120.878171
Home Depot,1002,Home Depot1002,CA,33.989182,-118.214067
Home Depot,1003,Home Depot1003,CA,38.482858,-121.502935
Home Depot,1005,Home Depot1005,CA,33.764869,-118.2947
Home Depot,1006,Home Depot1006,CA,37.794634,-121.192198
Home Depot,1007,Home Depot1007,CA,37.768158,-122.223604
Home Depot,1009,Home Depot1009,CA,37.263206,-121.920732
Home Depot,1010,Home Depot1010,CA,33.947975,-118.330944
Home Depot,1012,Home Depot1012,CA,34.218073,-119.07783
Home Depot,1013,Home Depot1013,CA,34.068327,-117.197836
Home Depot,1014,Home Depot1014,CA,36.857227,-119.759976
Home Depot,1017,Home Depot1017,CA,37.660665,-122.115166
Home Depot,1018,Home Depot1018,CA,33.250155,-117.26543
Home Depot,1019,Home Depot1019,CA,39.143395,-121.650357
Home Depot,1020,Home Depot1020,CA,37.756552,-121.466298
Home Depot,1022,Home Depot1022,CA,37.986525,-121.34601
Home Depot,1028,Home Depot1028,CA,33.481445,-117.097413
Home Depot,1030,Home Depot1030,CA,32.633172,-116.968905
Home Depot,1031,Home Depot1031,CA,35.526437,-120.700801
Home Depot,1032,Home Depot1032,CA,32.702254,-117.101177
Home Depot,1034,Home Depot1034,CA,32.576592,-117.036714
Home Depot,1037,Home Depot1037,CA,33.888183,-118.185235
Home Depot,1039,Home Depot1039,CA,33.987546,-118.312129
Home Depot,1040,Home Depot1040,CA,34.235249,-119.178253
Home Depot,1041,Home Depot1041,CA,37.41559,-121.901207
Home Depot,1043,Home Depot1043,CA,38.374792,-121.948439
Home Depot,1044,Home Depot1044,CA,38.009562,-122.26775
Home Depot,1048,Home Depot1048,CA,34.056402,-118.270805
Home Depot,1050,Home Depot1050,CA,35.351561,-119.05763
Home Depot,1052,Home Depot1052,CA,35.250488,-120.689145
Home Depot,1053,Home Depot1053,CA,33.129269,-117.061275
Home Depot,1055,Home Depot1055,CA,34.441095,-118.574233
Home Depot,1059,Home Depot1059,CA,32.770709,-115.534922
Home Depot,1060,Home Depot1060,CA,35.39273,-118.964128
Home Depot,1061,Home Depot1061,CA,33.988809,-118.36459
Home Depot,1062,Home Depot1062,CA,33.812951,-118.183424
Home Depot,1064,Home Depot1064,CA,35.385224,-119.099487
Home Depot,1068,Home Depot1068,CA,38.674996,-121.736325
Home Depot,1069,Home Depot1069,CA,36.930366,-121.777082
Home Depot,1070,Home Depot1070,CA,34.189213,-118.62684
Home Depot,1072,Home Depot1072,CA,33.912848,-117.869227
Home Depot,1073,Home Depot1073,CA,36.329615,-119.671485
Home Depot,1074,Home Depot1074,CA,33.140547,-117.242767
Home Depot,1076,Home Depot1076,CA,37.959636,-121.746027
Home Depot,1077,Home Depot1077,CA,33.564687,-117.70917
Home Depot,1080,Home Depot1080,CA,36.052742,-119.024178
Home Depot,1083,Home Depot1083,CA,34.133538,-117.62961
Home Depot,1084,Home Depot1084,CA,33.977973,-117.556578
Home Depot,1085,Home Depot1085,CA,38.731157,-120.824582
Home Depot,1086,Home Depot1086,CA,36.733641,-119.734105
Home Depot,1087,Home Depot1087,CA,33.889677,-117.227444
Home Depot,1088,Home Depot1088,CA,36.98041,-120.085127
Home Depot,1089,Home Depot1089,CA,35.630855,-117.671023
Home Depot,1092,Home Depot1092,CA,37.698406,-122.483429
Home Depot,1379,Home Depot1379,CA,38.470968,-122.721526
Home Depot,1380,Home Depot1380,CA,37.995637,-122.106901
Home Depot,1840,Home Depot1840,CA,33.617782,-117.70576
Home Depot,1842,Home Depot1842,CA,37.712875,-120.950399
Home Depot,1843,Home Depot1843,CA,36.70405,-121.666773
Home Depot,1844,Home Depot1844,CA,34.563973,-117.349896
Home Depot,1845,Home Depot1845,CA,34.086808,-117.909549
Home Depot,1846,Home Depot1846,CA,38.590387,-121.546854
Home Depot,1848,Home Depot1848,CA,32.809054,-116.964513
Home Depot,1857,Home Depot1857,CA,34.054811,-117.43732
Home Depot,1858,Home Depot1858,CA,33.879469,-118.221893
Home Depot,1861,Home Depot1861,CA,37.302324,-121.860048
Verizon Wireless,636,Verizon Wireless00636,CA,37.792235,-122.39959
Verizon Wireless,638,Verizon Wireless00638,CA,37.786755,-122.422493
Verizon Wireless,639,Verizon Wireless00639,CA,37.562152,-122.282049
Verizon Wireless,643,Verizon Wireless00643,CA,37.59746,-122.38611
Verizon Wireless,653,Verizon Wireless00653,CA,38.442204,-122.708977
Verizon Wireless,655,Verizon Wireless00655,CA,37.895235,-122.061169
Verizon Wireless,656,Verizon Wireless00656,CA,39.727489,-121.803658
Verizon Wireless,657,Verizon Wireless00657,CA,38.423578,-121.41765
Verizon Wireless,661,Verizon Wireless00661,CA,40.586076,-122.35622
Verizon Wireless,662,Verizon Wireless00662,CA,38.005516,-121.318886
Verizon Wireless,678,Verizon Wireless00678,CA,33.910233,-117.866745
Verizon Wireless,680,Verizon Wireless00680,CA,34.216275,-119.074198
Verizon Wireless,681,Verizon Wireless00681,CA,33.176752,-117.339123
Verizon Wireless,709,Verizon Wireless00709,CA,32.97953,-117.082261
Verizon Wireless,712,Verizon Wireless00712,CA,32.631229,-117.089188
Verizon Wireless,713,Verizon Wireless00713,CA,32.651314,-117.094864
Verizon Wireless,720,Verizon Wireless00720,CA,34.001337,-118.394745
Verizon Wireless,722,Verizon Wireless00722,CA,32.980554,-117.249543
Verizon Wireless,723,Verizon Wireless00723,CA,32.819953,-116.962256
Verizon Wireless,744,Verizon Wireless00744,CA,36.811905,-119.791649
Verizon Wireless,750,Verizon Wireless00750,CA,35.369202,-119.038063
Verizon Wireless,776,Verizon Wireless00776,CA,34.069962,-117.438225
Verizon Wireless,778,Verizon Wireless00778,CA,33.855147,-117.924135
Verizon Wireless,779,Verizon Wireless00779,CA,36.97171,-121.964424
Verizon Wireless,780,Verizon Wireless00780,CA,36.839008,-121.395927
Verizon Wireless,783,Verizon Wireless00783,CA,34.145538,-118.259697
Verizon Wireless,785,Verizon Wireless00785,CA,33.901707,-118.366538
Verizon Wireless,786,Verizon Wireless00786,CA,35.283657,-120.663353
Verizon Wireless,788,Verizon Wireless00788,CA,36.619742,-121.845369
Verizon Wireless,790,Verizon Wireless00790,CA,34.440651,-119.727592
Verizon Wireless,794,Verizon Wireless00794,CA,33.98143,-118.224739
Verizon Wireless,795,Verizon Wireless00795,CA,33.671298,-117.845453
Verizon Wireless,799,Verizon Wireless00799,CA,34.061709,-118.299448
Verizon Wireless,801,Verizon Wireless00801,CA,33.917428,-117.962513
Verizon Wireless,803,Verizon Wireless00803,CA,32.779844,-117.009648
Verizon Wireless,805,Verizon Wireless00805,CA,38.772609,-121.265576
Verizon Wireless,811,Verizon Wireless00811,CA,33.808654,-118.125127
Verizon Wireless,813,Verizon Wireless00813,CA,33.689968,-117.892914
Verizon Wireless,814,Verizon Wireless00814,CA,38.591583,-121.415825
Verizon Wireless,825,Verizon Wireless00825,CA,34.239248,-118.553614
Verizon Wireless,826,Verizon Wireless00826,CA,34.074055,-117.558411
Verizon Wireless,859,Verizon Wireless00859,CA,33.777164,-117.866753
Verizon Wireless,873,Verizon Wireless00873,CA,34.139477,-118.131798
Verizon Wireless,879,Verizon Wireless00879,CA,34.107159,-117.570847
Verizon Wireless,887,Verizon Wireless00887,CA,33.737835,-117.919174
Verizon Wireless,888,Verizon Wireless00888,CA,34.035739,-118.477739
Verizon Wireless,889,Verizon Wireless00889,CA,34.150332,-118.445413
Verizon Wireless,896,Verizon Wireless00896,CA,34.160418,-118.824536
Verizon Wireless,899,Verizon Wireless00899,CA,33.804615,-118.328499
Verizon Wireless,919,Verizon Wireless00919,CA,33.966938,-118.048424
Verizon Wireless,920,Verizon Wireless00920,CA,34.180027,-118.606361
Verizon Wireless,931,Verizon Wireless00931,CA,34.425958,-118.538316
Verizon Wireless,1759,Verizon Wireless01759,CA,32.799721,-115.570358
Verizon Wireless,1770,Verizon Wireless01770,CA,34.191453,-118.32855
Verizon Wireless,1771,Verizon Wireless01771,CA,32.704076,-117.100886
Verizon Wireless,1824,Verizon Wireless01824,CA,33.945522,-118.331912
TCC,19329,TCC19329,CA,34.0797043,-117.9524002
TCC,20248,TCC20248,CA,34.139236,-117.946533
TCC,20551,TCC20551,CA,32.7486343,-117.1492386
A Wireless,102,A Wireless0102,CA,33.937332,-118.12278
A Wireless,103,A Wireless0103,CA,37.707977,-121.872215
A Wireless,105,A Wireless0105,CA,32.80683,-116.967454
A Wireless,106,A Wireless0106,CA,32.740269,-116.937073
A Wireless,107,A Wireless0107,CA,38.408091,-121.417831
A Wireless,108,A Wireless0108,CA,38.451053,-121.371592
A Wireless,109,A Wireless0109,CA,33.102879,-117.075859
A Wireless,110,A Wireless0110,CA,33.132046,-117.060547
A Wireless,111,A Wireless0111,CA,33.068345,-117.065571
A Wireless,112,A Wireless0112,CA,40.780784,-124.190353
A Wireless,113,A Wireless0113,CA,38.665314,-121.224602
A Wireless,115,A Wireless0115,CA,38.670734,-121.156769
A Wireless,116,A Wireless0116,CA,34.150658,-117.473
A Wireless,117,A Wireless0117,CA,33.69417,-117.955457
A Wireless,118,A Wireless0118,CA,37.545089,-121.990089
A Wireless,119,A Wireless0119,CA,36.80904,-119.847786
A Wireless,120,A Wireless0120,CA,33.895821,-117.929192
A Wireless,121,A Wireless0121,CA,33.874361,-117.889674
A Wireless,122,A Wireless0122,CA,38.290028,-121.30658
A Wireless,123,A Wireless0123,CA,33.773148,-117.920565
A Wireless,124,A Wireless0124,CA,37.014278,-121.585007
A Wireless,125,A Wireless0125,CA,34.146219,-118.255427
A Wireless,126,A Wireless0126,CA,34.264571,-118.526874
A Wireless,127,A Wireless0127,CA,39.198692,-121.062347
A Wireless,128,A Wireless0128,CA,39.101273,-121.117889
A Wireless,129,A Wireless0129,CA,39.239525,-121.036965
A Wireless,130,A Wireless0130,CA,37.648931,-122.102871
A Wireless,131,A Wireless0131,CA,38.609229,-122.871895
A Wireless,132,A Wireless0132,CA,34.42181,-117.295212
A Wireless,133,A Wireless0133,CA,33.687759,-117.988622
A Wireless,134,A Wireless0134,CA,33.671081,-117.789115
A Wireless,135,A Wireless0135,CA,32.840465,-117.273422
A Wireless,136,A Wireless0136,CA,34.037175,-117.949031
A Wireless,137,A Wireless0137,CA,37.891012,-122.125702
A Wireless,138,A Wireless0138,CA,33.546274,-117.782173
A Wireless,139,A Wireless0139,CA,39.04901,-122.925268
A Wireless,140,A Wireless0140,CA,38.114487,-121.302544
A Wireless,141,A Wireless0141,CA,38.100322,-121.265747
A Wireless,142,A Wireless0142,CA,33.772725,-118.189732
A Wireless,143,A Wireless0143,CA,34.048268,-118.254467
A Wireless,144,A Wireless0144,CA,34.018806,-118.335053
A Wireless,145,A Wireless0145,CA,34.135841,-118.215175
A Wireless,146,A Wireless0146,CA,34.073452,-118.360458
A Wireless,147,A Wireless0147,CA,33.961848,-118.420938
A Wireless,148,A Wireless0148,CA,34.054775,-118.398224
A Wireless,149,A Wireless0149,CA,34.041759,-118.459526
A Wireless,150,A Wireless0150,CA,33.957832,-118.396175
A Wireless,151,A Wireless0151,CA,34.026498,-118.393645
A Wireless,152,A Wireless0152,CA,37.055965,-120.87413
A Wireless,153,A Wireless0153,CA,37.247528,-121.956108
A Wireless,154,A Wireless0154,CA,33.873146,-118.380997
A Wireless,155,A Wireless0155,CA,37.786299,-121.25544
A Wireless,156,A Wireless0156,CA,37.994568,-122.106403
A Wireless,157,A Wireless0157,CA,39.14558,-121.587524
A Wireless,158,A Wireless0158,CA,33.684509,-117.204773
A Wireless,159,A Wireless0159,CA,37.318703,-120.487381
A Wireless,160,A Wireless0160,CA,37.331216,-120.469009
A Wireless,161,A Wireless0161,CA,37.319442,-120.481698
A Wireless,162,A Wireless0162,CA,37.418438,-121.897476
A Wireless,163,A Wireless0163,CA,37.418438,-121.897476
A Wireless,164,A Wireless0164,CA,34.257008,-118.470863
A Wireless,165,A Wireless0165,CA,33.560007,-117.668199
A Wireless,166,A Wireless0166,CA,33.586414,-117.658554
A Wireless,167,A Wireless0167,CA,33.651802,-117.647278
A Wireless,168,A Wireless0168,CA,37.689624,-121.051063
A Wireless,169,A Wireless0169,CA,37.608742,-120.969093
A Wireless,170,A Wireless0170,CA,34.017489,-118.107183
A Wireless,171,A Wireless0171,CA,33.935623,-117.179405
A Wireless,172,A Wireless0172,CA,33.940228,-117.272514
A Wireless,173,A Wireless0173,CA,37.112297,-121.643211
A Wireless,174,A Wireless0174,CA,32.655682,-117.067814
A Wireless,176,A Wireless0176,CA,32.660431,-117.08165
A Wireless,177,A Wireless0177,CA,34.188803,-118.416947
A Wireless,178,A Wireless0178,CA,33.921672,-118.098244
A Wireless,179,A Wireless0179,CA,37.771141,-120.831886
A Wireless,180,A Wireless0180,CA,37.82954,-122.247765
A Wireless,181,A Wireless0181,CA,34.020252,-117.594002
A Wireless,182,A Wireless0182,CA,34.073009,-117.551598
A Wireless,183,A Wireless0183,CA,34.073009,-117.551598
A Wireless,184,A Wireless0184,CA,33.783377,-117.890658
A Wireless,185,A Wireless0185,CA,32.8004,-117.239418
A Wireless,186,A Wireless0186,CA,37.649021,-122.491768
A Wireless,187,A Wireless0187,CA,34.266198,-118.422062
A Wireless,188,A Wireless0188,CA,34.580078,-118.096787
A Wireless,189,A Wireless0189,CA,34.601895,-118.152342
A Wireless,190,A Wireless0190,CA,34.222759,-118.448804
A Wireless,191,A Wireless0191,CA,39.760082,-121.604752
A Wireless,192,A Wireless0192,CA,35.645115,-120.659332
A Wireless,193,A Wireless0193,CA,37.464277,-121.141491
A Wireless,194,A Wireless0194,CA,33.744289,-117.191986
A Wireless,195,A Wireless0195,CA,33.816711,-117.226639
A Wireless,196,A Wireless0196,CA,34.425442,-117.574226
A Wireless,197,A Wireless0197,CA,37.987803,-122.311338
A Wireless,198,A Wireless0198,CA,38.006231,-121.837759
A Wireless,199,A Wireless0199,CA,38.713066,-120.839867
A Wireless,200,A Wireless0200,CA,38.593887,-121.285136
A Wireless,201,A Wireless0201,CA,40.18145,-122.227485
A Wireless,202,A Wireless0202,CA,40.162677,-122.228115
A Wireless,203,A Wireless0203,CA,40.57246,-122.350044
A Wireless,204,A Wireless0204,CA,34.060611,-117.182634
A Wireless,205,A Wireless0205,CA,34.063156,-117.224185
A Wireless,206,A Wireless0206,CA,33.818213,-118.385532
A Wireless,207,A Wireless0207,CA,33.847307,-118.388049
A Wireless,208,A Wireless0208,CA,34.136942,-117.370549
A Wireless,209,A Wireless0209,CA,37.711433,-120.954056
A Wireless,210,A Wireless0210,CA,33.915318,-117.321953
A Wireless,211,A Wireless0211,CA,33.908999,-117.458839
A Wireless,212,A Wireless0212,CA,33.909794,-117.457802
A Wireless,213,A Wireless0213,CA,38.796387,-121.265945
A Wireless,214,A Wireless0214,CA,38.347567,-122.709507
A Wireless,215,A Wireless0215,CA,38.789242,-121.282433
A Wireless,216,A Wireless0216,CA,38.772257,-121.265936
A Wireless,217,A Wireless0217,CA,38.772257,-121.265936
A Wireless,218,A Wireless0218,CA,33.996628,-117.890175
A Wireless,219,A Wireless0219,CA,38.567937,-121.485242
A Wireless,220,A Wireless0220,CA,38.600215,-121.428016
A Wireless,221,A Wireless0221,CA,38.537903,-121.492409
A Wireless,222,A Wireless0222,CA,36.792194,-121.66416
A Wireless,223,A Wireless0223,CA,36.716685,-121.656804
A Wireless,224,A Wireless0224,CA,33.458488,-117.652847
A Wireless,225,A Wireless0225,CA,33.427807,-117.613251
A Wireless,226,A Wireless0226,CA,32.715815,-117.162589
A Wireless,227,A Wireless0227,CA,32.834785,-117.194351
A Wireless,228,A Wireless0228,CA,32.713669,-117.162422
A Wireless,229,A Wireless0229,CA,32.768547,-117.148399
A Wireless,230,A Wireless0230,CA,32.937084,-117.100769
A Wireless,231,A Wireless0231,CA,32.736511,-117.216529
A Wireless,232,A Wireless0232,CA,32.938698,-117.231949
A Wireless,233,A Wireless0233,CA,32.916489,-117.122025
A Wireless,234,A Wireless0234,CA,37.799675,-122.439552
A Wireless,235,A Wireless0235,CA,37.765845,-122.430837
A Wireless,236,A Wireless0236,CA,37.733931,-122.490264
A Wireless,237,A Wireless0237,CA,34.0797,-118.088638
A Wireless,238,A Wireless0238,CA,37.308647,-121.813461
A Wireless,239,A Wireless0239,CA,37.332829,-121.912834
A Wireless,240,A Wireless0240,CA,37.262615,-121.933891
A Wireless,241,A Wireless0241,CA,37.251991,-121.862038
A Wireless,242,A Wireless0242,CA,33.497995,-117.661605
A Wireless,243,A Wireless0243,CA,34.121056,-118.107839
A Wireless,244,A Wireless0244,CA,33.764165,-118.31116
A Wireless,245,A Wireless0245,CA,38.004154,-122.544289
A Wireless,246,A Wireless0246,CA,33.759865,-117.842447
A Wireless,247,A Wireless0247,CA,33.776188,-117.869141
A Wireless,248,A Wireless0248,CA,37.323456,-121.992981
A Wireless,249,A Wireless0249,CA,37.395,-121.945908
A Wireless,250,A Wireless0250,CA,38.42774,-122.71291
A Wireless,251,A Wireless0251,CA,37.04653,-122.02945
A Wireless,252,A Wireless0252,CA,33.782045,-118.072124
A Wireless,253,A Wireless0253,CA,34.285667,-118.717894
A Wireless,254,A Wireless0254,CA,33.948301,-118.165514
A Wireless,255,A Wireless0255,CA,38.056928,-121.376224
A Wireless,256,A Wireless0256,CA,37.366573,-122.031011
A Wireless,257,A Wireless0257,CA,40.41239,-120.638566
A Wireless,258,A Wireless0258,CA,34.308844,-118.433737
A Wireless,259,A Wireless0259,CA,34.168961,-118.53566
A Wireless,260,A Wireless0260,CA,35.125164,-118.468124
A Wireless,261,A Wireless0261,CA,33.804682,-118.350352
A Wireless,262,A Wireless0262,CA,39.327255,-120.207314
A Wireless,263,A Wireless0263,CA,39.152672,-123.199015
A Wireless,264,A Wireless0264,CA,34.267059,-119.25003
A Wireless,265,A Wireless0265,CA,34.52146,-117.324575
A Wireless,266,A Wireless0266,CA,34.470455,-117.349085
A Wireless,267,A Wireless0267,CA,34.470455,-117.349085
A Wireless,268,A Wireless0268,CA,34.469166,-117.354637
A Wireless,269,A Wireless0269,CA,36.352124,-119.296914
A Wireless,270,A Wireless0270,CA,34.042706,-117.849103
A Wireless,271,A Wireless0271,CA,33.974685,-118.234137
A Wireless,272,A Wireless0272,CA,35.601204,-119.353317
A Wireless,273,A Wireless0273,CA,34.074832,-117.881744
A Wireless,274,A Wireless0274,CA,34.149803,-118.794257
A Wireless,275,A Wireless0275,CA,33.749399,-118.014246
A Wireless,276,A Wireless0276,CA,33.998756,-118.05645
A Wireless,277,A Wireless0277,CA,38.551072,-122.807371
A Wireless,278,A Wireless0278,CA,33.891023,-117.774184
A Wireless,279,A Wireless0279,CA,33.876907,-117.75368
A Wireless,280,A Wireless0280,CA,39.142924,-121.655518
Best Buy,1119,Best Buy1119,CA,33.806722,-118.168209
Best Buy,1128,Best Buy1128,CA,38.134447,-122.215022
Best Buy,1145,Best Buy1145,CA,32.83952,-116.98512
Best Buy,1180,Best Buy1180,CA,34.233742,-118.55627
Best Buy,1187,Best Buy1187,CA,33.066463,-117.266387
Best Buy,1188,Best Buy1188,CA,36.8376626,-119.7271049
Best Buy,1190,Best Buy1190,CA,38.9278389,-121.0870244
Best Buy,1198,Best Buy1198,CA,33.828241,-117.833993
Best Buy,1391,Best Buy1391,CA,34.425956,-119.875481
Best Buy,1396,Best Buy1396,CA,38.672444,-121.725404
Best Buy,1409,Best Buy1409,CA,33.683475,-117.173061
Best Buy,1423,Best Buy1423,CA,37.300832,-121.865496
Best Buy,1432,Best Buy1432,CA,33.877202,-118.219626
Best Buy,1441,Best Buy1441,CA,33.9233543,-116.948582
Best Buy,1482,Best Buy1482,CA,34.469897,-117.250699
Best Buy,1509,Best Buy1509,CA,37.713536,-120.955952
Best Buy,1510,Best Buy1510,CA,33.985787,-118.394938
Best Buy,1511,Best Buy1511,CA,34.272046,-118.423999
Best Buy,1533,Best Buy1533,CA,32.980047,-117.082506
Best Buy,1537,Best Buy1537,CA,34.031778,-118.12156
Best Buy,1769,Best Buy1769,CA,32.622004,-116.963966
Best Buy,1782,Best Buy1782,CA,34.13631,-117.98471
Best Buy,1896,Best Buy1896,CA,37.6378073,-122.4217538
Best Buy,2505,Best Buy2505,CA,32.864639,-117.2313
Best Buy,2514,Best Buy2514,CA,33.858382,-117.923221
Go Wireless,206,Go Wireless0206,CA,38.77194,-121.31209
Go Wireless,212,Go Wireless0212,CA,33.03652,-116.8771
Go Wireless,217,Go Wireless0217,CA,34.176105,-119.217949
Go Wireless,224,Go Wireless0224,CA,34.19225,-118.93709
Go Wireless,241,Go Wireless0241,CA,34.03322,-117.07252
Go Wireless,275,Go Wireless0275,CA,32.80947,-117.11516
Go Wireless,278,Go Wireless0278,CA,32.7491,-117.15193
Go Wireless,289,Go Wireless0289,CA,33.01953,-117.112223
Go Wireless,291,Go Wireless0291,CA,33.803108,-118.039596
Go Wireless,292,Go Wireless0292,CA,33.69018,-117.34221
Go Wireless,295,Go Wireless0295,CA,36.604162,-119.432948
Go Wireless,305,Go Wireless0305,CA,34.16367,-117.33416
Go Wireless,308,Go Wireless0308,CA,36.837725,-119.727686
Go Wireless,333,Go Wireless0333,CA,35.38313,-119.14875
Go Wireless,335,Go Wireless0335,CA,33.37247,-117.25533
Go Wireless,416,Go Wireless0416,CA,38.670075,-121.727875
Go Wireless,428,Go Wireless0428,CA,33.456134,-117.604267
Go Wireless,453,Go Wireless0453,CA,33.60985,-114.61019
Go Wireless,454,Go Wireless0454,CA,32.86771,-117.21491
Go Wireless,464,Go Wireless0464,CA,32.83397,-116.74936
Go Wireless,473,Go Wireless0473,CA,33.59363,-117.12207
Go Wireless,482,Go Wireless0482,CA,34.182566,-118.883668
Go Wireless,483,Go Wireless0483,CA,36.08087,-119.04206
Go Wireless,484,Go Wireless0484,CA,35.396654,-118.967052
Go Wireless,486,Go Wireless0486,CA,38.575865,-121.382842
Go Wireless,488,Go Wireless0488,CA,37.756556,-121.46301
Go Wireless,548,Go Wireless0548,CA,33.54039,-117.14381
Go Wireless,549,Go Wireless0549,CA,33.50502,-117.145975
Go Wireless,550,Go Wireless0550,CA,33.81478,-116.49195
Go Wireless,577,Go Wireless0577,CA,37.15637,-121.65189
Go Wireless,579,Go Wireless0579,CA,33.728396,-117.009844
Go Wireless,585,Go Wireless0585,CA,34.128815,-116.395842
Go Wireless,590,Go Wireless0590,CA,33.6628,-117.29694
Go Wireless,596,Go Wireless0596,CA,0,0
Go Wireless,604,Go Wireless0604,CA,33.86741,-117.74886
Go Wireless,629,Go Wireless0629,CA,33.727264,-116.402739
Go Wireless,631,Go Wireless0631,CA,33.142088,-117.192022
Go Wireless,705,Go Wireless0705,CA,33.89972,-117.56322
Go Wireless,706,Go Wireless0706,CA,32.95599,-117.03956
Go Wireless,723,Go Wireless0723,CA,33.72416,-116.39449
Go Wireless,724,Go Wireless0724,CA,33.755997,-118.109187
Go Wireless,726,Go Wireless0726,CA,38.875201,-121.295793
Go Wireless,737,Go Wireless0737,CA,33.59945,-117.17598
Go Wireless,740,Go Wireless0740,CA,34.221947,-118.236285
Go Wireless,741,Go Wireless0741,CA,34.115986,-117.773448
Go Wireless,742,Go Wireless0742,CA,33.831301,-118.086022
Go Wireless,743,Go Wireless0743,CA,34.140315,-118.019147
Go Wireless,744,Go Wireless0744,CA,34.60435,-118.14729
Go Wireless,745,Go Wireless0745,CA,34.151648,-118.069476
Go Wireless,746,Go Wireless0746,CA,33.867905,-118.352764
Go Wireless,748,Go Wireless0748,CA,34.392624,-118.465469
Go Wireless,749,Go Wireless0749,CA,34.132997,-117.637334
Go Wireless,750,Go Wireless0750,CA,34.419205,-118.560389
Go Wireless,751,Go Wireless0751,CA,33.945198,-117.995901
Go Wireless,770,Go Wireless0770,CA,38.802325,-121.210006
Go Wireless,779,Go Wireless0779,CA,34.2628,-119.22735
Go Wireless,799,Go Wireless0799,CA,37.29396,-121.93218
Go Wireless,800,Go Wireless0800,CA,36.97784,-121.96693
Go Wireless,801,Go Wireless0801,CA,37.24999,-121.87232
Go Wireless,803,Go Wireless0803,CA,37.3831,-121.89438
Go Wireless,804,Go Wireless0804,CA,33.851438,-117.790366
Go Wireless,806,Go Wireless0806,CA,33.67249,-117.954274
Go Wireless,807,Go Wireless0807,CA,33.70033,-117.741017
Go Wireless,810,Go Wireless0810,CA,34.2734,-118.79714
Go Wireless,860,Go Wireless0860,CA,33.08131,-117.23588
Go Wireless,1167,Go Wireless1167,CA,32.76884,-117.16848
Go Wireless,1256,Go Wireless1256,CA,33.83217,-117.9411
Go Wireless,1257,Go Wireless1257,CA,32.6862,-117.17922
Go Wireless,1258,Go Wireless1258,CA,33.76029,-118.134674
Go Wireless,1259,Go Wireless1259,CA,33.207412,-117.283674
Go Wireless,1260,Go Wireless1260,CA,33.24075,-117.29344
Go Wireless,1261,Go Wireless1261,CA,32.91296,-117.1485
Go Wireless,1262,Go Wireless1262,CA,33.702164,-117.885664
Go Wireless,1269,Go Wireless1269,CA,34.0983,-118.30899
Home Depot,6601,Home Depot6601,CA,37.659137,-121.031441
Home Depot,6603,Home Depot6603,CA,37.45892,-122.135784
Home Depot,6604,Home Depot6604,CA,37.775552,-121.984113
Home Depot,6609,Home Depot6609,CA,39.712825,-121.796886
Home Depot,6610,Home Depot6610,CA,34.085331,-118.140975
Home Depot,6611,Home Depot6611,CA,33.976617,-118.423904
Home Depot,6612,Home Depot6612,CA,33.110135,-117.105793
Home Depot,6613,Home Depot6613,CA,34.200013,-118.383404
Home Depot,6614,Home Depot6614,CA,33.850467,-118.134197
Home Depot,6615,Home Depot6615,CA,36.299467,-119.330018
Home Depot,6616,Home Depot6616,CA,34.097432,-118.312272
Home Depot,6617,Home Depot6617,CA,34.115121,-117.831983
Home Depot,6618,Home Depot6618,CA,37.303916,-120.505506
Home Depot,6619,Home Depot6619,CA,33.934181,-117.40305
Home Depot,6620,Home Depot6620,CA,38.54889,-121.410743
Home Depot,6621,Home Depot6621,CA,37.274426,-121.854694
Home Depot,6623,Home Depot6623,CA,34.426015,-119.871406
Home Depot,6627,Home Depot6627,CA,33.949285,-118.155667
Home Depot,6628,Home Depot6628,CA,33.608025,-117.72681
Home Depot,6629,Home Depot6629,CA,34.133652,-117.98982
Home Depot,6630,Home Depot6630,CA,33.708633,-116.2703
Home Depot,6632,Home Depot6632,CA,34.185725,-118.594048
Home Depot,6634,Home Depot6634,CA,32.781217,-117.101319
Home Depot,6635,Home Depot6635,CA,37.310839,-122.032394
Home Depot,6636,Home Depot6636,CA,37.511193,-121.946384
Home Depot,6637,Home Depot6637,CA,33.749115,-117.007661
Home Depot,6638,Home Depot6638,CA,34.895251,-120.422418
Home Depot,6639,Home Depot6639,CA,33.775021,-117.943705
Home Depot,6640,Home Depot6640,CA,34.281059,-118.792927
Home Depot,6643,Home Depot6643,CA,33.87147,-117.749856
Home Depot,6644,Home Depot6644,CA,34.213901,-118.446499
Home Depot,6645,Home Depot6645,CA,34.022704,-117.74147
Home Depot,6646,Home Depot6646,CA,33.715481,-118.004339
Home Depot,6647,Home Depot6647,CA,33.843096,-117.958847
Home Depot,6649,Home Depot6649,CA,38.632826,-121.505777
Home Depot,6650,Home Depot6650,CA,33.831651,-118.031595
Home Depot,6651,Home Depot6651,CA,34.686507,-118.164475
Home Depot,6652,Home Depot6652,CA,38.284049,-122.276486
Home Depot,6654,Home Depot6654,CA,34.170141,-118.299924
Home Depot,6655,Home Depot6655,CA,37.67717,-122.465056
Home Depot,6656,Home Depot6656,CA,33.139893,-117.173252
Home Depot,6657,Home Depot6657,CA,33.925763,-117.93171
Home Depot,6660,Home Depot6660,CA,38.096859,-121.2649155
Home Depot,6661,Home Depot6661,CA,34.219696,-118.499577
Home Depot,6662,Home Depot6662,CA,34.192692,-118.934553
Home Depot,6663,Home Depot6663,CA,34.072373,-117.95804
Home Depot,6664,Home Depot6664,CA,33.657969,-117.918298
Home Depot,6665,Home Depot6665,CA,33.848533,-117.537668
Home Depot,6667,Home Depot6667,CA,38.528025,-122.78861
Home Depot,6668,Home Depot6668,CA,33.67101,-117.662763
Home Depot,6669,Home Depot6669,CA,38.705309,-121.327342
Home Depot,6670,Home Depot6670,CA,33.806663,-118.274364
Home Depot,6672,Home Depot6672,CA,37.354466,-121.824553
Home Depot,6673,Home Depot6673,CA,34.088689,-118.054029
Home Depot,6674,Home Depot6674,CA,38.425125,-121.401462
Home Depot,6675,Home Depot6675,CA,38.656714,-121.127779
Home Depot,6677,Home Depot6677,CA,37.028999,-121.566579
Home Depot,6678,Home Depot6678,CA,37.698132,-121.771063
Home Depot,6679,Home Depot6679,CA,32.914013,-117.121552
Home Depot,6680,Home Depot6680,CA,33.72566,-117.84328
Home Depot,6681,Home Depot6681,CA,34.641295,-120.437492
Home Depot,6682,Home Depot6682,CA,40.590695,-122.351445
Home Depot,6683,Home Depot6683,CA,34.105794,-117.39906
Home Depot,6684,Home Depot6684,CA,33.965388,-118.049248
Home Depot,6687,Home Depot6687,CA,35.312057,-119.090398
Home Depot,6688,Home Depot6688,CA,38.783415,-121.274512
Home Depot,6689,Home Depot6689,CA,34.08277,-118.224059
Home Depot,6834,Home Depot6834,CA,34.472927,-117.243824
Home Depot,6835,Home Depot6835,CA,35.137238,-118.451351
Home Depot,6855,Home Depot6855,CA,33.957341,-118.370961
Home Depot,6874,Home Depot6874,CA,33.742737,-116.213484
Home Depot,6875,Home Depot6875,CA,33.745667,-117.190508
Home Depot,6876,Home Depot6876,CA,33.988896,-117.704572
Home Depot,6883,Home Depot6883,CA,34.579193,-118.045994
Home Depot,6884,Home Depot6884,CA,34.030696,-117.650678
Home Depot,6893,Home Depot6893,CA,33.865881,-117.881419
Home Depot,6946,Home Depot6946,CA,36.226894,-119.323462
Home Depot,6947,Home Depot6947,CA,37.609349,-120.971374
Home Depot,6952,Home Depot6952,CA,33.786139,-117.992826
Home Depot,6960,Home Depot6960,CA,34.137601,-117.456214
Home Depot,6963,Home Depot6963,CA,33.685416,-117.972559
Home Depot,6964,Home Depot6964,CA,37.544347,-122.026525
Home Depot,6965,Home Depot6965,CA,33.818458,-117.834092
Home Depot,6966,Home Depot6966,CA,38.602282,-121.414082
Home Depot,6967,Home Depot6967,CA,36.610093,-121.855565
Home Depot,6968,Home Depot6968,CA,36.984781,-121.963671
Home Depot,6971,Home Depot6971,CA,34.134898,-116.382858
Home Depot,6972,Home Depot6972,CA,34.917395,-117.020881
Home Depot,8408,Home Depot8408,CA,39.15363,-123.19918
Home Depot,8426,Home Depot8426,CA,35.747885,-119.246167
Home Depot,8427,Home Depot8427,CA,37.055377,-120.825149
Home Depot,8463,Home Depot8463,CA,34.031798,-117.914446
Home Depot,8492,Home Depot8492,CA,40.200834,-122.243527
Home Depot,8524,Home Depot8524,CA,41.763043,-124.198556
Home Depot,8525,Home Depot8525,CA,33.697976,-117.741587
Home Depot,8526,Home Depot8526,CA,33.815952,-116.491771
Home Depot,8529,Home Depot8529,CA,36.579318,-119.630445
Home Depot,8571,Home Depot8571,CA,38.867876,-121.301266
Home Depot,8572,Home Depot8572,CA,37.12958,-121.633602
Home Depot,8597,Home Depot8597,CA,38.937652,-121.095297
Home Depot,8949,Home Depot8949,CA,32.937039,-117.035233
Home Depot,8975,Home Depot8975,CA,39.522936,-121.571093
Home Depot,8987,Home Depot8987,CA,33.92501,-116.955576
Home Depot,8988,Home Depot8988,CA,33.691925,-117.341867
Target,1025,Target1025,CA,38.426429,-121.415577
Target,1026,Target1026,CA,38.281938,-122.276508
Target,1027,Target1027,CA,34.217378,-119.07273
Target,1028,Target1028,CA,34.072859,-117.885189
Target,1029,Target1029,CA,33.063189,-117.265022
Target,1033,Target1033,CA,34.069819,-117.977196
Target,1040,Target1040,CA,33.170592,-117.215201
Target,1054,Target1054,CA,37.636043,-122.418771
Target,1062,Target1062,CA,36.620892,-121.843143
Target,1097,Target1097,CA,38.94328,-121.095981
Target,1098,Target1098,CA,38.671485,-121.152948
Target,1100,Target1100,CA,34.190972,-118.934253
Target,1120,Target1120,CA,35.583812,-120.698477
Target,1121,Target1121,CA,38.672736,-121.273855
Target,1122,Target1122,CA,37.559054,-122.28457
Target,1140,Target1140,CA,32.738689,-116.93893
Target,1143,Target1143,CA,36.915429,-121.774306
Target,1208,Target1208,CA,37.904867,-122.06361
Target,1238,Target1238,CA,33.727159,-117.785153
Target,1283,Target1283,CA,33.566694,-117.206232
Target,1293,Target1293,CA,33.681016,-117.917897
Target,1304,Target1304,CA,37.520451,-120.878878
Target,1305,Target1305,CA,33.859401,-118.087933
Target,1306,Target1306,CA,34.022801,-118.373485
Target,1307,Target1307,CA,34.174732,-118.466189
Target,1309,Target1309,CA,34.212508,-118.461218
Target,1328,Target1328,CA,33.78316,-118.071549
Target,1329,Target1329,CA,33.947871,-118.333173
Target,1332,Target1332,CA,34.146996,-118.085719
Target,1340,Target1340,CA,33.925586,-118.107054
Target,1362,Target1362,CA,34.191986,-118.329251
Target,1383,Target1383,CA,33.876616,-117.957605
Target,1384,Target1384,CA,35.384976,-119.103322
Target,1407,Target1407,CA,37.670434,-122.470984
Target,1408,Target1408,CA,34.141386,-118.224144
Target,1409,Target1409,CA,33.850453,-118.137186
Target,1410,Target1410,CA,32.766975,-117.153106
Target,1411,Target1411,CA,34.074113,-118.072936
Target,1417,Target1417,CA,36.822027,-119.790228
Target,1418,Target1418,CA,33.859374,-117.926769
Target,1421,Target1421,CA,40.805575,-124.144039
Target,1422,Target1422,CA,37.547182,-121.985732
Target,1423,Target1423,CA,34.089626,-117.690971
Target,1424,Target1424,CA,33.918099,-118.07559
Target,1425,Target1425,CA,34.001122,-118.08477
Target,1426,Target1426,CA,37.320796,-121.935389
Target,1427,Target1427,CA,37.291254,-121.989541
Target,1428,Target1428,CA,37.698847,-122.12868
Target,1438,Target1438,CA,38.322491,-122.30787
Target,1472,Target1472,CA,37.607687,-122.063158
Target,1485,Target1485,CA,32.841968,-116.982398
Target,1502,Target1502,CA,38.790848,-121.289778
Target,1507,Target1507,CA,37.933128,-122.329897
Target,1526,Target1526,CA,37.795028,-121.196787
Target,1527,Target1527,CA,38.457185,-121.413324
Target,1547,Target1547,CA,34.278592,-118.867389
Target,1548,Target1548,CA,33.826305,-117.516348
Target,1805,Target1805,CA,36.292115,-119.316038
Target,1815,Target1815,CA,32.650582,-116.966334
Target,1816,Target1816,CA,32.820014,-115.569744
Target,1819,Target1819,CA,37.964507,-121.73782
Target,183,Target183,CA,34.245045,-118.418811
Target,1834,Target1834,CA,34.13319,-117.640734
Target,184,Target184,CA,34.09111,-118.147197
Target,1843,Target1843,CA,33.940647,-117.281678
Target,1846,Target1846,CA,32.740978,-117.055563
Target,1851,Target1851,CA,37.000344,-121.554682
Target,1862,Target1862,CA,38.055244,-121.373987
Target,1867,Target1867,CA,33.708972,-116.289887
Target,1869,Target1869,CA,34.07121,-117.207196
Target,188,Target188,CA,34.079435,-117.292791
Target,1884,Target1884,CA,34.090585,-118.34426
Target,189,Target189,CA,34.017994,-118.150459
Target,190,Target190,CA,33.948405,-118.167636
Target,1906,Target1906,CA,36.323642,-119.675733
Target,192,Target192,CA,33.786513,-117.913686
Target,1926,Target1926,CA,37.88442,-122.307741
Target,1927,Target1927,CA,37.252297,-121.860736
Target,193,Target193,CA,33.761201,-117.956157
Target,1936,Target1936,CA,33.761393,-117.888099
Target,195,Target195,CA,33.798167,-118.125178
Target,1958,Target1958,CA,34.151555,-117.473148
Target,1961,Target1961,CA,33.975182,-117.551479
Target,198,Target198,CA,34.00157,-118.394641
Target,1980,Target1980,CA,33.867835,-118.356852
Target,1984,Target1984,CA,37.339725,-121.84047
Target,199,Target199,CA,33.888397,-118.394751
Target,200,Target200,CA,33.825093,-118.345656
Target,201,Target201,CA,32.751897,-117.212696
Target,2018,Target2018,CA,36.837428,-119.702624
Target,2019,Target2019,CA,33.943306,-117.995942
Target,2020,Target2020,CA,34.234558,-118.503448
Target,2026,Target2026,CA,33.842901,-118.26276
Target,203,Target203,CA,32.604559,-117.080575
Target,2030,Target2030,CA,34.394236,-118.464421
Target,205,Target205,CA,32.816143,-117.150916
Target,2051,Target2051,CA,33.671068,-117.955656
Target,2082,Target2082,CA,33.857497,-118.00026
Target,2088,Target2088,CA,37.339102,-121.904396
Target,2096,Target2096,CA,37.713122,-120.952661
Target,2115,Target2115,CA,38.640904,-121.4988
Target,212,Target212,CA,33.907661,-117.45801
Target,2128,Target2128,CA,33.649303,-117.741592
Target,2143,Target2143,CA,34.193034,-118.605904
Target,2147,Target2147,CA,34.033552,-117.911064
Target,2151,Target2151,CA,33.699469,-117.821249
Target,2163,Target2163,CA,33.634139,-117.662439
Target,2165,Target2165,CA,33.132298,-117.228289
Target,2179,Target2179,CA,34.004566,-117.821662
Target,2185,Target2185,CA,37.668177,-122.119832
Target,2195,Target2195,CA,33.688961,-117.34227
Target,2214,Target2214,CA,38.870301,-121.302492
Target,222,Target222,CA,33.991756,-117.918748
Target,2232,Target2232,CA,32.656204,-117.067558
Target,2238,Target2238,CA,37.307802,-121.812577
Target,2245,Target2245,CA,34.075803,-117.561546
Target,2252,Target2252,CA,37.1549121,-121.6497841
Target,226,Target226,CA,34.109725,-117.759687
Target,2260,Target2260,CA,34.5276,-117.217536
Target,2268,Target2268,CA,38.550804,-121.536126
Target,227,Target227,CA,33.937514,-118.048259
Target,2270,Target2270,CA,38.650054,-121.062413
Target,2275,Target2275,CA,33.879553,-118.21942
Target,228,Target228,CA,34.190894,-118.626869
Target,2280,Target2280,CA,33.923699,-118.32268
Target,2281,Target2281,CA,37.30258,-121.860307
Target,229,Target229,CA,33.80391,-118.013004
Target,230,Target230,CA,33.824368,-117.834869
Target,2304,Target2304,CA,33.745668,-118.012066
Target,2306,Target2306,CA,36.667368,-121.811382
Target,2307,Target2307,CA,34.1445,-118.2567
Target,2309,Target2309,CA,33.938024,-117.18971
Target,2319,Target2319,CA,33.816821,-118.182195
Target,2328,Target2328,CA,33.809546,-118.285829
Target,2329,Target2329,CA,34.272819,-118.502186
Target,2347,Target2347,CA,37.807728,-121.300256
Target,2349,Target2349,CA,36.225707,-119.31598
Target,2350,Target2350,CA,34.577744,-118.045142
Target,2359,Target2359,CA,37.056752,-120.870436
Target,2386,Target2386,CA,37.342124,-120.608996
Target,2397,Target2397,CA,33.916081,-117.957712
Target,2398,Target2398,CA,34.269946,-119.249034
Target,2408,Target2408,CA,38.678516,-121.773297
Target,2420,Target2420,CA,36.080158,-119.047757
Target,2421,Target2421,CA,33.832418,-117.941613
Target,2424,Target2424,CA,33.877333,-118.166178
Target,2441,Target2441,CA,33.739134,-116.216589
Target,245,Target245,CA,34.673677,-118.149091
Target,2455,Target2455,CA,38.556589,-121.694205
Target,246,Target246,CA,34.280746,-118.739374
Target,2462,Target2462,CA,34.272312,-118.7985245
Target,2463,Target2463,CA,38.596128,-121.285286
Target,2465,Target2465,CA,32.820186,-117.179487
Target,2468,Target2468,CA,34.426631,-117.379034
Target,2469,Target2469,CA,36.358615,-119.296958
Target,2470,Target2470,CA,33.760443,-118.293936
Target,2471,Target2471,CA,33.680476,-117.173479
Target,2482,Target2482,CA,33.917892,-117.88766
Target,249,Target249,CA,33.725363,-117.986704
Target,2492,Target2492,CA,38.549187,-121.426567
Target,2499,Target2499,CA,33.59886,-117.176265
Target,250,Target250,CA,33.701536,-117.887137
Target,2524,Target2524,CA,35.339333,-119.035009
Target,257,Target257,CA,34.420896,-118.561919
Target,258,Target258,CA,34.032881,-117.682041
Target,2581,Target2581,CA,37.419041,-121.944568
Target,2584,Target2584,CA,37.374623,-122.032777
Target,259,Target259,CA,33.570813,-117.705641
Target,2601,Target2601,CA,38.243726,-122.630725
Target,2604,Target2604,CA,38.804472,-121.209093
Target,2605,Target2605,CA,37.2498798,-121.8038636
Target,2615,Target2615,CA,37.503834,-121.973129
Target,2627,Target2627,CA,34.1354808,-117.9075215
Target,2632,Target2632,CA,33.9853652,-118.3956631
Target,267,Target267,CA,38.745716,-121.254001
Target,2715,Target2715,CA,35.349876,-119.121442
Target,273,Target273,CA,37.687516,-120.99588
Target,2730,Target2730,CA,33.45763,-117.613335
Target,274,Target274,CA,33.113521,-117.099706
Target,2744,Target2744,CA,36.8020782,-119.8784866
Target,275,Target275,CA,36.80987,-119.847479
Target,2759,Target2759,CA,35.252909,-120.687457
Target,276,Target276,CA,34.506267,-117.328317
Target,2760,Target2760,CA,34.2330284,-119.1794052
Target,2766,Target2766,CA,37.784664,-122.403982
Target,2767,Target2767,CA,37.828476,-122.289116
Target,2768,Target2768,CA,37.781853,-122.445793
Target,2771,Target2771,CA,37.7066083,-121.8510906
Target,2772,Target2772,CA,37.954544,-122.491097
Target,2774,Target2774,CA,34.063107,-118.443619
Target,2775,Target2775,CA,34.07523,-118.375595
Target,2776,Target2776,CA,34.04888,-118.260419
Target,2795,Target2795,CA,36.975319,-121.965076
Target,2802,Target2802,CA,33.068269,-117.065326
Target,2804,Target2804,CA,38.459103,-122.731361
Target,2810,Target2810,CA,34.149616,-118.794344
Target,2829,Target2829,CA,37.787514,-122.2809978
Target,2830,Target2830,CA,37.350582,-121.950684
Target,2831,Target2831,CA,34.0291995,-117.7605614
Target,2855,Target2855,CA,33.012719,-117.146935
Target,286,Target286,CA,33.759012,-117.850493
Target,2871,Target2871,CA,33.246906,-117.293282
Target,2872,Target2872,CA,34.428612,-119.867733
Target,288,Target288,CA,34.167252,-118.58493
Target,289,Target289,CA,33.846992,-118.061767
Target,290,Target290,CA,33.885929,-118.317214
Target,291,Target291,CA,33.947441,-117.382468
Target,293,Target293,CA,33.889007,-117.875633
Target,294,Target294,CA,34.188116,-118.371356
Target,296,Target296,CA,32.980587,-117.060669
Target,297,Target297,CA,34.141284,-117.243694
Target,298,Target298,CA,34.261701,-119.236637
Target,299,Target299,CA,34.230999,-118.560757
Target,300,Target300,CA,33.606456,-117.688549
Target,301,Target301,CA,34.108343,-117.573859
Target,302,Target302,CA,34.137514,-117.983057
Target,303,Target303,CA,33.184086,-117.329357
Target,304,Target304,CA,32.809603,-116.959656
Target,305,Target305,CA,32.911074,-117.145878
Target,307,Target307,CA,33.787602,-116.480269
Target,309,Target309,CA,34.922624,-120.433622
Target,310,Target310,CA,38.561819,-121.49871
Target,311,Target311,CA,38.661856,-121.349202
Target,312,Target312,CA,38.600318,-121.401573
Target,313,Target313,CA,37.991797,-121.314607
Target,314,Target314,CA,36.78054,-119.771072
Target,317,Target317,CA,39.727186,-121.80303
Target,318,Target318,CA,39.146173,-121.632973
Target,320,Target320,CA,37.673285,-122.464701
Target,3202,Target3202,CA,37.869651,-122.267494
Target,321,Target321,CA,37.475287,-122.217679
Target,3216,Target3216,CA,34.063086,-118.287011
Target,322,Target322,CA,37.401247,-122.10631
Target,3224,Target3224,CA,37.3230752,-122.0113076
Target,323,Target323,CA,37.324067,-122.036108
Target,3231,Target3231,CA,34.04237,-118.45815
Target,324,Target324,CA,37.264729,-121.918489
Target,3240,Target3240,CA,37.873913,-122.511611
Target,3251,Target3251,CA,34.16917,-118.34799
Target,3258,Target3258,CA,33.78726,-117.8255
Target,3262,Target3262,CA,34.1227,-118.22506
Target,3264,Target3264,CA,37.726893,-122.475422
Target,3265,Target3265,CA,37.458893,-122.137328
Target,3267,Target3267,CA,37.86949,-122.28358
Target,328,Target328,CA,37.707636,-121.929738
Target,3298,Target3298,CA,34.43995,-119.7506
Target,330,Target330,CA,37.977194,-122.066815
Target,3302,Target3302,CA,32.74824,-117.12894
Target,331,Target331,CA,38.132029,-122.222597
Target,332,Target332,CA,38.006606,-121.84148
Target,336,Target336,CA,33.683955,-117.8122
Target,358,Target358,CA,36.807187,-119.698803
Target,359,Target359,CA,33.506411,-117.145945
Target,614,Target614,CA,35.394336,-118.951663
Target,615,Target615,CA,40.586668,-122.348997
Target,626,Target626,CA,37.414288,-121.876053
Target,641,Target641,CA,37.322855,-120.486832
Target,660,Target660,CA,34.064866,-117.434156
Target,675,Target675,CA,38.246467,-122.068943
Target,676,Target676,CA,36.709474,-121.653763
Target,677,Target677,CA,33.865768,-117.747355
Target,685,Target685,CA,34.599264,-118.146456
Target,692,Target692,CA,38.090011,-122.553727
Target,736,Target736,CA,33.901044,-117.564305
Target,737,Target737,CA,37.986864,-122.309256
Target,738,Target738,CA,37.757531,-121.459637
Target,761,Target761,CA,33.74579,-117.008902
Target,767,Target767,CA,34.103573,-117.823476
Target,827,Target827,CA,38.360963,-121.961862
Target,828,Target828,CA,37.701231,-121.746301
Target,852,Target852,CA,38.346911,-122.720323
Target,853,Target853,CA,38.1171,-121.303589
Target,883,Target883,CA,34.146843,-118.13455
Target,911,Target911,CA,36.847189,-119.787099
Target,912,Target912,CA,34.001476,-117.718872
Target,913,Target913,CA,33.677941,-117.662001
Target,914,Target914,CA,33.643402,-117.598332
Target,937,Target937,CA,38.420682,-122.713481
Target,938,Target938,CA,37.694757,-121.064952
Target,939,Target939,CA,34.469037,-117.243472
Target,940,Target940,CA,33.723986,-116.40297
Target,941,Target941,CA,36.835429,-121.389601
Target,949,Target949,CA,37.76602,-121.968738
Target,997,Target997,CA,32.779219,-117.012847
Target,3201,Target3201,CA,37.79093,-122.40164
Target,3203,Target3203,CA,37.72518,-122.46138
Target,3205,Target3205,CA,32.72698,-117.12908
Target,3217,Target3217,CA,34.026024,-118.284026
Target,3218,Target3218,CA,34.25849,-118.46631
Target,3225,Target3225,CA,33.775259,-118.119595
Target,3233,Target3233,CA,33.64894,-117.839137
Target,3274,Target3274,CA,33.839461,-117.88638
Target,3293,Target3293,CA,34.20535,-118.198832
Target,3315,Target3315,CA,33.56277,-117.67153
Verizon Wireless,1829,Verizon Wireless01829,CA,37.250469,-121.846381
Verizon Wireless,1847,Verizon Wireless01847,CA,33.840942,-118.262215
Verizon Wireless,1870,Verizon Wireless01870,CA,33.984917,-118.100482
Verizon Wireless,1871,Verizon Wireless01871,CA,33.997417,-117.720192
Verizon Wireless,1891,Verizon Wireless01891,CA,37.729134,-122.47673
Verizon Wireless,1893,Verizon Wireless01893,CA,37.521787,-120.883382
Verizon Wireless,1937,Verizon Wireless01937,CA,38.67468,-121.271673
Verizon Wireless,3591,Verizon Wireless03591,CA,32.838785,-116.981263
Verizon Wireless,3592,Verizon Wireless03592,CA,33.133636,-117.123833
Verizon Wireless,3593,Verizon Wireless03593,CA,34.098168,-118.326689
Verizon Wireless,3610,Verizon Wireless03610,CA,34.034627,-118.084619
Verizon Wireless,7313,Verizon Wireless07313,CA,33.727823,-117.7887
Verizon Wireless,7314,Verizon Wireless07314,CA,33.991212,-118.446427
Verizon Wireless,8118,Verizon Wireless08118,CA,37.003752,-121.550917
Verizon Wireless,8412,Verizon Wireless08412,CA,33.939476,-117.280579
Verizon Wireless,10232,Verizon Wireless10232,CA,32.768402,-117.154602
Verizon Wireless,10233,Verizon Wireless10233,CA,33.853858,-118.141404
Verizon Wireless,10234,Verizon Wireless10234,CA,33.659489,-117.918549
Verizon Wireless,10631,Verizon Wireless10631,CA,34.600616,-118.143875
Verizon Wireless,11356,Verizon Wireless11356,CA,35.33345,-119.023056
Verizon Wireless,11534,Verizon Wireless11534,CA,34.089599,-117.296513
Verizon Wireless,11634,Verizon Wireless11634,CA,38.645275,-121.120392
Verizon Wireless,11635,Verizon Wireless11635,CA,34.070271,-117.203717
Verizon Wireless,11770,Verizon Wireless11770,CA,37.786125,-122.405446
Verizon Wireless,11850,Verizon Wireless11850,CA,37.503582,-121.968758
Verizon Wireless,11890,Verizon Wireless11890,CA,38.661461,-121.346992
Verizon Wireless,11912,Verizon Wireless11912,CA,38.728144,-120.835157
Verizon Wireless,12350,Verizon Wireless12350,CA,36.294029,-119.314194
Verizon Wireless,12491,Verizon Wireless12491,CA,33.823826,-117.516853
Verizon Wireless,13032,Verizon Wireless13032,CA,37.754574,-122.419029
Verizon Wireless,13811,Verizon Wireless13811,CA,33.651206,-117.746861
Verizon Wireless,13813,Verizon Wireless13813,CA,34.11086,-117.535045
Verizon Wireless,14171,Verizon Wireless14171,CA,37.603103,-122.068402
Verizon Wireless,14839,Verizon Wireless14839,CA,34.019393,-118.152713
Verizon Wireless,14840,Verizon Wireless14840,CA,33.927432,-118.129651
Verizon Wireless,14841,Verizon Wireless14841,CA,34.284229,-118.768639
Verizon Wireless,15412,Verizon Wireless15412,CA,37.330585,-121.838249
Verizon Wireless,15893,Verizon Wireless15893,CA,38.261566,-122.058327
Verizon Wireless,15972,Verizon Wireless15972,CA,37.6998,-122.482542
Verizon Wireless,16080,Verizon Wireless16080,CA,34.221666,-118.448721
Verizon Wireless,16081,Verizon Wireless16081,CA,33.707809,-116.28669
Verizon Wireless,16732,Verizon Wireless16732,CA,37.445099,-122.162788
Verizon Wireless,17072,Verizon Wireless17072,CA,33.741039,-116.411118
Verizon Wireless,17452,Verizon Wireless17452,CA,35.318069,-119.028931
Verizon Wireless,17534,Verizon Wireless17534,CA,38.639568,-121.496941
Verizon Wireless,17913,Verizon Wireless17913,CA,38.361865,-121.965648
Verizon Wireless,17953,Verizon Wireless17953,CA,33.826085,-117.836285
Verizon Wireless,18314,Verizon Wireless18314,CA,34.088462,-117.693949
Verizon Wireless,18373,Verizon Wireless18373,CA,33.975624,-117.55439
Verizon Wireless,18420,Verizon Wireless18420,CA,37.700653,-121.066559
Verizon Wireless,18936,Verizon Wireless18936,CA,33.052047,-117.261096
Verizon Wireless,18937,Verizon Wireless18937,CA,34.160701,-118.508492
Verizon Wireless,18938,Verizon Wireless18938,CA,32.623614,-116.97057
Verizon Wireless,19055,Verizon Wireless19055,CA,40.588169,-122.355049
Verizon Wireless,19073,Verizon Wireless19073,CA,34.074211,-118.37558
Verizon Wireless,19373,Verizon Wireless19373,CA,40.796005,-124.176277
Verizon Wireless,19413,Verizon Wireless19413,CA,36.73735,-119.701225
Verizon Wireless,19773,Verizon Wireless19773,CA,33.61823,-117.703158
Verizon Wireless,19853,Verizon Wireless19853,CA,34.275688,-118.569453
Verizon Wireless,20293,Verizon Wireless20293,CA,34.106775,-117.397106
Verizon Wireless,20734,Verizon Wireless20734,CA,37.428357,-121.920231
Verizon Wireless,20773,Verizon Wireless20773,CA,36.807999,-119.691368
Verizon Wireless,20853,Verizon Wireless20853,CA,37.292347,-121.996093
Verizon Wireless,20873,Verizon Wireless20873,CA,39.14177,-121.63295
Verizon Wireless,20994,Verizon Wireless20994,CA,34.138901,-117.439125
Verizon Wireless,20995,Verizon Wireless20995,CA,34.267599,-119.246459
Verizon Wireless,21473,Verizon Wireless21473,CA,34.672836,-118.147049
Verizon Wireless,22073,Verizon Wireless22073,CA,33.226555,-117.331337
Verizon Wireless,22133,Verizon Wireless22133,CA,33.698025,-117.825085
Verizon Wireless,22273,Verizon Wireless22273,CA,33.802781,-118.013534
Verizon Wireless,22274,Verizon Wireless22274,CA,34.131451,-117.636711
Verizon Wireless,22294,Verizon Wireless22294,CA,36.974846,-122.026009
Verizon Wireless,22313,Verizon Wireless22313,CA,34.279236,-118.869909
Verizon Wireless,22453,Verizon Wireless22453,CA,33.56638,-117.212395
Verizon Wireless,22473,Verizon Wireless22473,CA,39.131907,-123.198843
Verizon Wireless,22753,Verizon Wireless22753,CA,37.351711,-121.963425
Verizon Wireless,22993,Verizon Wireless22993,CA,37.899555,-122.299361
Verizon Wireless,23034,Verizon Wireless23034,CA,36.980526,-120.087158
Verizon Wireless,23213,Verizon Wireless23213,CA,37.926288,-122.518024
Verizon Wireless,23413,Verizon Wireless23413,CA,35.127255,-120.593939
Verizon Wireless,23553,Verizon Wireless23553,CA,33.923316,-116.954335
Verizon Wireless,23733,Verizon Wireless23733,CA,36.584636,-121.900595
Verizon Wireless,24113,Verizon Wireless24113,CA,33.87059,-118.062897
Verizon Wireless,24174,Verizon Wireless24174,CA,33.828215,-118.352231
Verizon Wireless,24293,Verizon Wireless24293,CA,34.470352,-117.245842
Verizon Wireless,24518,Verizon Wireless24518,CA,32.832386,-117.166
Verizon Wireless,24520,Verizon Wireless24520,CA,37.961056,-121.733734
Verizon Wireless,24713,Verizon Wireless24713,CA,38.250404,-122.628167
Verizon Wireless,24733,Verizon Wireless24733,CA,33.570598,-117.714419
Verizon Wireless,24953,Verizon Wireless24953,CA,36.917854,-121.785095
Verizon Wireless,25254,Verizon Wireless25254,CA,38.874776,-121.297231
Verizon Wireless,25519,Verizon Wireless25519,CA,32.753361,-117.212036
Verizon Wireless,25538,Verizon Wireless25538,CA,38.49619,-121.435862
Verizon Wireless,25813,Verizon Wireless25813,CA,34.426645,-117.383468
Verizon Wireless,25815,Verizon Wireless25815,CA,34.413231,-118.557223
Verizon Wireless,25816,Verizon Wireless25816,CA,34.190417,-118.605846
Verizon Wireless,26013,Verizon Wireless26013,CA,37.869113,-122.267738
Verizon Wireless,26083,Verizon Wireless26083,CA,36.328484,-119.670929
Verizon Wireless,26085,Verizon Wireless26085,CA,33.525845,-117.157585
Verizon Wireless,26184,Verizon Wireless26184,CA,35.339335,-119.033097
Verizon Wireless,26203,Verizon Wireless26203,CA,34.418846,-119.697662
Verizon Wireless,26214,Verizon Wireless26214,CA,33.683396,-117.175432
Verizon Wireless,26263,Verizon Wireless26263,CA,37.946117,-122.061012
Verizon Wireless,26283,Verizon Wireless26283,CA,34.071964,-117.959625
Verizon Wireless,26545,Verizon Wireless26545,CA,32.868377,-117.23351
Verizon Wireless,26623,Verizon Wireless26623,CA,34.114571,-117.829552
Verizon Wireless,26772,Verizon Wireless26772,CA,34.06088,-118.445777
Verizon Wireless,26773,Verizon Wireless26773,CA,33.889036,-117.518532
Verizon Wireless,27039,Verizon Wireless27039,CA,34.223995,-119.152456
Verizon Wireless,27115,Verizon Wireless27115,CA,37.810565,-122.244481
Verizon Wireless,27395,Verizon Wireless27395,CA,34.062805,-118.308708
Verizon Wireless,27751,Verizon Wireless27751,CA,33.991077,-117.923203
Verizon Wireless,28376,Verizon Wireless28376,CA,37.339188,-121.841888
Verizon Wireless,28620,Verizon Wireless28620,CA,34.92326,-120.426224
Verizon Wireless,28979,Verizon Wireless28979,CA,34.471901,-117.291321
Verizon Wireless,29000,Verizon Wireless29000,CA,37.473872,-122.218013
Verizon Wireless,29039,Verizon Wireless29039,CA,33.9164,-117.453758
Verizon Wireless,29340,Verizon Wireless29340,CA,33.723848,-117.989364
Verizon Wireless,29603,Verizon Wireless29603,CA,36.848507,-119.791397
Verizon Wireless,29607,Verizon Wireless29607,CA,38.74374,-121.254486
Verizon Wireless,29742,Verizon Wireless29742,CA,33.746952,-117.00695
Verizon Wireless,30347,Verizon Wireless30347,CA,33.937215,-118.122795
Verizon Wireless,30446,Verizon Wireless30446,CA,33.641729,-117.599416
Verizon Wireless,30507,Verizon Wireless30507,CA,38.135891,-122.215012
Verizon Wireless,30747,Verizon Wireless30747,CA,36.719978,-121.654823
Verizon Wireless,30986,Verizon Wireless30986,CA,38.321706,-122.306137
Verizon Wireless,31408,Verizon Wireless31408,CA,34.069872,-117.927954
Verizon Wireless,34010,Verizon Wireless34010,CA,38.091518,-122.554817
Verizon Wireless,34110,Verizon Wireless34110,CA,34.090655,-118.344246
Verizon Wireless,35483,Verizon Wireless35483,CA,38.24333,-122.626088
Wal-Mart,1554,Wal-Mart1554,CA,38.022882,-121.273243
Wal-Mart,1555,Wal-Mart1555,CA,32.812926,-115.5742836
Wal-Mart,1563,Wal-Mart1563,CA,34.695698,-118.173276
Wal-Mart,1574,Wal-Mart1574,CA,35.29808,-119.029282
Wal-Mart,1575,Wal-Mart1575,CA,39.490696,-121.571385
Wal-Mart,1583,Wal-Mart1583,CA,36.975604,-120.081407
Wal-Mart,1587,Wal-Mart1587,CA,37.671988,-121.034917
Wal-Mart,1588,Wal-Mart1588,CA,34.466913,-117.349606
Wal-Mart,1600,Wal-Mart1600,CA,35.606637,-117.669041
Wal-Mart,1608,Wal-Mart1608,CA,40.161756,-122.231311
Wal-Mart,1615,Wal-Mart1615,CA,38.012194,-121.913176
Wal-Mart,1616,Wal-Mart1616,CA,40.408838,-120.636935
Wal-Mart,1624,Wal-Mart1624,CA,35.391879,-118.961265
Wal-Mart,1630,Wal-Mart1630,CA,41.701121,-122.646209
Wal-Mart,1645,Wal-Mart1645,CA,36.321666,-119.67577
Wal-Mart,1651,Wal-Mart1651,CA,38.183254,-122.253189
Wal-Mart,1660,Wal-Mart1660,CA,34.611593,-118.144598
Wal-Mart,1692,Wal-Mart1692,CA,34.049452,-117.306822
Wal-Mart,1693,Wal-Mart1693,CA,34.064484,-117.223129
Wal-Mart,1697,Wal-Mart1697,CA,38.41155,-121.391468
Wal-Mart,1700,Wal-Mart1700,CA,32.958871,-117.04053
Wal-Mart,1704,Wal-Mart1704,CA,38.361857,-121.959223
Wal-Mart,1747,Wal-Mart1747,CA,33.8051127,-117.2262541
Wal-Mart,1755,Wal-Mart1755,CA,38.366302,-122.71349
Wal-Mart,1756,Wal-Mart1756,CA,34.105651,-117.429071
Wal-Mart,1760,Wal-Mart1760,CA,38.66914,-121.167273
Wal-Mart,1789,Wal-Mart1789,CA,38.113162,-121.309291
Wal-Mart,1805,Wal-Mart1805,CA,33.704269,-116.281159
Wal-Mart,1815,Wal-Mart1815,CA,36.810061,-119.860443
Wal-Mart,1826,Wal-Mart1826,CA,36.324612,-119.273041
Wal-Mart,1832,Wal-Mart1832,CA,33.815725,-116.487377
Wal-Mart,1840,Wal-Mart1840,CA,37.785555,-121.217705
Wal-Mart,1853,Wal-Mart1853,CA,33.726408,-117.009248
Wal-Mart,1859,Wal-Mart1859,CA,32.69714,-115.49657
Wal-Mart,1862,Wal-Mart1862,CA,34.071347,-117.370484
Wal-Mart,1877,Wal-Mart1877,CA,36.082783,-119.045621
Wal-Mart,1879,Wal-Mart1879,CA,34.882667,-116.991699
Wal-Mart,1881,Wal-Mart1881,CA,38.712184,-121.391803
Wal-Mart,1882,Wal-Mart1882,CA,36.577447,-119.633985
Wal-Mart,1899,Wal-Mart1899,CA,33.940954,-117.285315
Wal-Mart,1903,Wal-Mart1903,CA,39.144232,-121.653809
Wal-Mart,1910,Wal-Mart1910,CA,41.774146,-124.189859
Wal-Mart,1912,Wal-Mart1912,CA,33.890478,-117.517911
Wal-Mart,1914,Wal-Mart1914,CA,34.136822,-117.195675
Wal-Mart,1915,Wal-Mart1915,CA,34.1329079,-116.3845367
Wal-Mart,1917,Wal-Mart1917,CA,32.84261,-116.988521
Wal-Mart,1922,Wal-Mart1922,CA,34.103583,-117.531403
Wal-Mart,1941,Wal-Mart1941,CA,34.116585,-117.827116
Wal-Mart,1963,Wal-Mart1963,CA,37.507288,-120.871909
Wal-Mart,1972,Wal-Mart1972,CA,37.699764,-121.767662
Wal-Mart,1979,Wal-Mart1979,CA,38.931276,-122.616458
Wal-Mart,1983,Wal-Mart1983,CA,37.607562,-120.937495
Wal-Mart,1988,Wal-Mart1988,CA,38.787462,-121.290375
Wal-Mart,1989,Wal-Mart1989,CA,34.662306,-120.465
Wal-Mart,1992,Wal-Mart1992,CA,34.105912,-117.679106
Wal-Mart,2001,Wal-Mart2001,CA,36.7375,-119.721727
Wal-Mart,2002,Wal-Mart2002,CA,37.008602,-121.550859
Wal-Mart,2025,Wal-Mart2025,CA,37.752197,-121.472233
Wal-Mart,2028,Wal-Mart2028,CA,33.936649,-117.455214
Wal-Mart,2030,Wal-Mart2030,CA,37.972304,-120.365798
Wal-Mart,2031,Wal-Mart2031,CA,37.6042,-122.067041
Wal-Mart,2032,Wal-Mart2032,CA,34.220097,-119.160789
Wal-Mart,2039,Wal-Mart2039,CA,37.318186,-120.501229
Wal-Mart,2044,Wal-Mart2044,CA,39.72344,-121.803841
Wal-Mart,2048,Wal-Mart2048,CA,38.23753,-122.082106
Wal-Mart,2052,Wal-Mart2052,CA,39.133796,-123.197272
Wal-Mart,2053,Wal-Mart2053,CA,39.524621,-122.219067
Wal-Mart,2054,Wal-Mart2054,CA,38.360104,-120.807327
Wal-Mart,2077,Wal-Mart2077,CA,33.662453,-117.294197
Wal-Mart,2082,Wal-Mart2082,CA,33.871785,-118.061734
Wal-Mart,2094,Wal-Mart2094,CA,33.17201,-117.216551
Wal-Mart,2099,Wal-Mart2099,CA,35.613021,-120.681342
Wal-Mart,2110,Wal-Mart2110,CA,33.902087,-118.144506
Wal-Mart,2117,Wal-Mart2117,CA,37.056737,-120.871149
Wal-Mart,2119,Wal-Mart2119,CA,37.431301,-121.920741
Wal-Mart,2150,Wal-Mart2150,CA,32.581185,-117.034908
Wal-Mart,2161,Wal-Mart2161,CA,37.699275,-121.884694
Wal-Mart,2177,Wal-Mart2177,CA,32.805188,-117.115852
Wal-Mart,2181,Wal-Mart2181,CA,33.744692,-116.217418
Wal-Mart,2190,Wal-Mart2190,CA,38.677026,-121.742141
Wal-Mart,2206,Wal-Mart2206,CA,33.564084,-117.713055
Wal-Mart,2218,Wal-Mart2218,CA,33.680106,-117.670117
Wal-Mart,2226,Wal-Mart2226,CA,33.855544,-118.353586
Wal-Mart,2242,Wal-Mart2242,CA,33.836378,-117.938855
Wal-Mart,2245,Wal-Mart2245,CA,33.241659,-117.291447
Wal-Mart,2251,Wal-Mart2251,CA,34.000253,-117.931988
Wal-Mart,2253,Wal-Mart2253,CA,32.823338,-116.901861
Wal-Mart,2277,Wal-Mart2277,CA,36.810723,-119.717124
Wal-Mart,2280,Wal-Mart2280,CA,37.400896,-122.109367
Wal-Mart,2288,Wal-Mart2288,CA,34.029836,-117.758103
Wal-Mart,2291,Wal-Mart2291,CA,32.651184,-117.094048
Wal-Mart,2292,Wal-Mart2292,CA,34.103153,-117.9094
Wal-Mart,2297,Wal-Mart2297,CA,34.37934,-118.569903
Wal-Mart,2333,Wal-Mart2333,CA,34.525684,-117.222814
Wal-Mart,2401,Wal-Mart2401,CA,34.13413,-117.984687
Wal-Mart,2418,Wal-Mart2418,CA,38.704195,-120.829043
Wal-Mart,2457,Wal-Mart2457,CA,38.594831,-121.291516
Wal-Mart,2458,Wal-Mart2458,CA,36.718946,-121.651867
Wal-Mart,2464,Wal-Mart2464,CA,38.477531,-121.496048
Wal-Mart,2479,Wal-Mart2479,CA,32.741508,-117.053601
Wal-Mart,2494,Wal-Mart2494,CA,33.183132,-117.337308
Wal-Mart,2495,Wal-Mart2495,CA,33.767536,-117.992875
Wal-Mart,2507,Wal-Mart2507,CA,34.9199,-120.41991
Wal-Mart,2517,Wal-Mart2517,CA,33.737328,-117.915924
Wal-Mart,2523,Wal-Mart2523,CA,33.9111731,-117.8639506
Wal-Mart,2524,Wal-Mart2524,CA,37.252485,-121.796913
Wal-Mart,2526,Wal-Mart2526,CA,34.277157,-118.567052
Wal-Mart,2527,Wal-Mart2527,CA,33.455349,-117.605692
Wal-Mart,2536,Wal-Mart2536,CA,36.227953,-119.32922
Wal-Mart,2537,Wal-Mart2537,CA,40.583548,-122.343692
Wal-Mart,2546,Wal-Mart2546,CA,33.826649,-117.836172
Wal-Mart,2553,Wal-Mart2553,CA,38.526325,-122.789488
Wal-Mart,2556,Wal-Mart2556,CA,35.128622,-120.59937
Wal-Mart,2557,Wal-Mart2557,CA,35.385697,-119.096249
Wal-Mart,2568,Wal-Mart2568,CA,34.222637,-118.448813
Wal-Mart,2598,Wal-Mart2598,CA,38.637181,-121.503679
Wal-Mart,2609,Wal-Mart2609,CA,33.830978,-118.158751
Wal-Mart,2621,Wal-Mart2621,CA,34.282116,-118.796844
Wal-Mart,2636,Wal-Mart2636,CA,33.701173,-117.982805
Wal-Mart,2648,Wal-Mart2648,CA,37.717903,-122.181183
Wal-Mart,2697,Wal-Mart2697,CA,37.963097,-121.762047
Wal-Mart,2708,Wal-Mart2708,CA,33.481645,-117.095857
Wal-Mart,2735,Wal-Mart2735,CA,38.498872,-121.433725
Wal-Mart,2842,Wal-Mart2842,CA,33.845879,-117.540711
Wal-Mart,2886,Wal-Mart2886,CA,33.9854317,-118.1045074
Wal-Mart,2925,Wal-Mart2925,CA,38.310154,-122.284399
Wal-Mart,2948,Wal-Mart2948,CA,33.94146,-118.048369
Wal-Mart,2949,Wal-Mart2949,CA,33.77338,-118.190389
Wal-Mart,2950,Wal-Mart2950,CA,34.556644,-118.04323
Wal-Mart,2951,Wal-Mart2951,CA,34.704223,-118.099162
Wal-Mart,2952,Wal-Mart2952,CA,33.55257,-117.193078
Wal-Mart,2960,Wal-Mart2960,CA,34.008851,-118.336713
Wal-Mart,2985,Wal-Mart2985,CA,36.837923,-119.803797
Wal-Mart,2989,Wal-Mart2989,CA,37.513522,-121.942347
Wal-Mart,3081,Wal-Mart3081,CA,38.482689,-121.369896
Wal-Mart,3087,Wal-Mart3087,CA,34.174974,-119.177689
Wal-Mart,3180,Wal-Mart3180,CA,33.952407,-118.18762
Wal-Mart,3248,Wal-Mart3248,CA,33.914822,-117.966823
Wal-Mart,3276,Wal-Mart3276,CA,34.164052,-117.335177
Wal-Mart,3352,Wal-Mart3352,CA,38.050163,-121.376808
Wal-Mart,3455,Wal-Mart3455,CA,37.979812,-122.328294
Wal-Mart,3464,Wal-Mart3464,CA,33.997618,-117.718581
Wal-Mart,3477,Wal-Mart3477,CA,33.829549,-118.091265
Wal-Mart,3493,Wal-Mart3493,CA,37.996869,-122.109443
Wal-Mart,3494,Wal-Mart3494,CA,33.13536,-117.122652
Wal-Mart,3516,Wal-Mart3516,CA,32.63137,-116.96772
Wal-Mart,3522,Wal-Mart3522,CA,34.07129,-117.963462
Wal-Mart,3523,Wal-Mart3523,CA,34.414248,-118.506382
Wal-Mart,3524,Wal-Mart3524,CA,32.807816,-116.969324
Wal-Mart,3587,Wal-Mart3587,CA,38.802571,-121.201905
Wal-Mart,3650,Wal-Mart3650,CA,34.258247,-119.211107
Wal-Mart,3652,Wal-Mart3652,CA,38.5875969,-121.5501862
Wal-Mart,3708,Wal-Mart3708,CA,38.244525,-121.98811
Wal-Mart,3712,Wal-Mart3712,CA,38.694001,-121.302688
Wal-Mart,3796,Wal-Mart3796,CA,34.082767,-117.671806
Wal-Mart,3947,Wal-Mart3947,CA,32.63726,-117.02531
Wal-Mart,3994,Wal-Mart3994,CA,34.4729233,-117.3310242
Wal-Mart,4101,Wal-Mart4101,CA,33.860274,-118.149
Wal-Mart,4132,Wal-Mart4132,CA,33.924519,-118.12861
Wal-Mart,4171,Wal-Mart4171,CA,33.7908134,-117.9650955
Wal-Mart,4202,Wal-Mart4202,CA,38.7472839,-121.2561722
Wal-Mart,4238,Wal-Mart4238,CA,36.706675,-119.575726
Wal-Mart,4309,Wal-Mart4309,CA,38.678515,-121.225782
Wal-Mart,4317,Wal-Mart4317,CA,35.129514,-118.465757
Wal-Mart,4340,Wal-Mart4340,CA,34.426631,-117.370737
Wal-Mart,4392,Wal-Mart4392,CA,34.50743,-117.39704
Wal-Mart,4393,Wal-Mart4393,CA,38.649932,-121.386131
Wal-Mart,4488,Wal-Mart4488,CA,36.694457,-121.800701
Wal-Mart,5023,Wal-Mart5023,CA,32.674473,-117.097382
Wal-Mart,5032,Wal-Mart5032,CA,33.846657,-117.985413
Wal-Mart,5072,Wal-Mart5072,CA,33.856907,-118.300972
Wal-Mart,5075,Wal-Mart5075,CA,33.177127,-117.297043
Wal-Mart,5096,Wal-Mart5096,CA,33.798752,-116.385536
Wal-Mart,5133,Wal-Mart5133,CA,40.431308,-122.289833
Wal-Mart,5134,Wal-Mart5134,CA,35.308874,-119.094702
Wal-Mart,5136,Wal-Mart5136,CA,39.126682,-121.574208
Wal-Mart,5139,Wal-Mart5139,CA,38.469617,-121.821084
Wal-Mart,5140,Wal-Mart5140,CA,32.779644,-117.010081
Wal-Mart,5152,Wal-Mart5152,CA,34.18747,-118.625437
Wal-Mart,5154,Wal-Mart5154,CA,34.050474,-118.084885
Wal-Mart,5156,Wal-Mart5156,CA,33.92457,-116.9518
Wal-Mart,5162,Wal-Mart5162,CA,34.444023,-118.576872
Wal-Mart,5192,Wal-Mart5192,CA,38.705099,-121.337659
Wal-Mart,5193,Wal-Mart5193,CA,33.935878,-117.181212
Wal-Mart,5215,Wal-Mart5215,CA,35.746853,-119.248158
Wal-Mart,5230,Wal-Mart5230,CA,38.610469,-121.384194
Wal-Mart,5231,Wal-Mart5231,CA,38.291056,-121.304255
Wal-Mart,5305,Wal-Mart5305,CA,32.607025,-117.0822
Wal-Mart,5335,Wal-Mart5335,CA,32.9623604,-115.5465012
Wal-Mart,5337,Wal-Mart5337,CA,36.837548,-119.695129
Wal-Mart,5338,Wal-Mart5338,CA,32.829813,-117.165566
Wal-Mart,5394,Wal-Mart5394,CA,36.543774,-119.4024212
Wal-Mart,5425,Wal-Mart5425,CA,33.76705,-116.95793
Wal-Mart,5426,Wal-Mart5426,CA,37.519037,-121.98546
Wal-Mart,5434,Wal-Mart5434,CA,37.689561,-122.130836
Wal-Mart,5435,Wal-Mart5435,CA,37.328954,-121.859753
Wal-Mart,5457,Wal-Mart5457,CA,37.738846,-122.19857
Wal-Mart,5601,Wal-Mart5601,CA,33.6561012,-117.9868622
Wal-Mart,5605,Wal-Mart5605,CA,34.2353625,-118.4487735
Wal-Mart,5629,Wal-Mart5629,CA,40.7994652,-124.1503525
Wal-Mart,5632,Wal-Mart5632,CA,36.793985,-119.789408
Wal-Mart,5641,Wal-Mart5641,CA,33.916016,-117.934906
Wal-Mart,5644,Wal-Mart5644,CA,33.697931,-117.834036
Wal-Mart,5658,Wal-Mart5658,CA,34.919288,-120.419519
Wal-Mart,5684,Wal-Mart5684,CA,32.774002,-117.007332
Wal-Mart,5685,Wal-Mart5685,CA,34.279663,-118.742096
Wal-Mart,5686,Wal-Mart5686,CA,34.188192,-118.325203
Wal-Mart,5687,Wal-Mart5687,CA,33.657683,-117.740069
Wal-Mart,5701,Wal-Mart5701,CA,36.734905,-120.043442
Wal-Mart,5710,Wal-Mart5710,CA,37.694565,-120.992477
Wal-Mart,5751,Wal-Mart5751,CA,36.7058,-121.668627
Wal-Mart,5766,Wal-Mart5766,CA,37.149551,-121.655104
Wal-Mart,5807,Wal-Mart5807,CA,33.910854,-118.206619
Wal-Mart,5843,Wal-Mart5843,CA,37.464279,-121.141654
Wal-Mart,5848,Wal-Mart5848,CA,38.391903,-121.41626
Wal-Mart,5859,Wal-Mart5859,CA,35.603796,-119.359534
Wal-Mart,5874,Wal-Mart5874,CA,33.827288,-118.352071
Wal-Mart,5884,Wal-Mart5884,CA,37.256957,-121.87615
Wal-Mart,5886,Wal-Mart5886,CA,33.069275,-117.265862
Wal-Mart,5890,Wal-Mart5890,CA,37.340481,-120.609118
Wal-Mart,5930,Wal-Mart5930,CA,33.858204,-117.918686
Wal-Mart,5938,Wal-Mart5938,CA,32.5866649,-117.0925621
Wal-Mart,5954,Wal-Mart5954,CA,34.07292,-117.886896
Wal-Mart,5956,Wal-Mart5956,CA,36.296471,-119.310936
Wal-Mart,5996,Wal-Mart5996,CA,33.128435,-117.062591
Cell of Knoxville,13596,Cell of Knoxville13596,CA,32.7993017,-117.2346514
Cell of Knoxville,13945,Cell of Knoxville13945,CA,34.07095,-117.77829
Cell of Knoxville,13977,Cell of Knoxville13977,CA,34.019451,-117.680832
Cell of Knoxville,14024,Cell of Knoxville14024,CA,34.067234,-117.991989
Cell of Knoxville,17981,Cell of Knoxville17981,CA,34.07618,-117.71965
TCC,22943,TCC22943,CA,34.054153,-117.773109
TCC,23034,TCC23034,CA,34.0626778,-117.7362373
TCC,25047,TCC25047,CA,33.847553,-117.924255
TCC,26781,TCC26781,CA,33.759804,-117.864883
TCC,26910,TCC26910,CA,32.7551351,-117.1439465
Wireless Zone,33092,Wireless Zone33092,CA,34.079338,-117.741753
Regional,56,Regional0056,CA,33.896032,-118.048857
Regional,208,Regional0208,CA,33.713375,-116.292301
Regional,250,Regional0250,CA,33.825407,-118.310334
Regional,316,Regional0316,CA,34.013459,-117.740636
Regional,758,Regional0758,CA,33.639971,-117.600013
Regional,759,Regional0759,CA,34.061999,-117.213328
Regional,769,Regional0769,CA,33.728925,-117.788598
Regional,773,Regional0773,CA,33.831344,-118.091142
Regional,774,Regional0774,CA,34.105008,-117.555228
Regional,775,Regional0775,CA,33.530936,-117.149212
Regional,785,Regional0785,CA,33.807616,-118.12295
Regional,790,Regional0790,CA,35.381415,-119.089682
Regional,791,Regional0791,CA,34.599355,-118.145324
Regional,795,Regional0795,CA,36.851975,-119.791092
Regional,1001,Regional1001,CA,34.468752,-117.350922
Regional,1013,Regional1013,CA,32.781666,-117.126183
Regional,1019,Regional1019,CA,37.64048,-122.420323
Regional,1026,Regional1026,CA,33.815776,-116.493268
Regional,1030,Regional1030,CA,33.854523,-117.919778
Regional,1041,Regional1041,CA,34.109208,-117.682124
Regional,1043,Regional1043,CA,38.005063,-121.833674
Regional,1048,Regional1048,CA,33.918055,-117.455042
Regional,1050,Regional1050,CA,33.444626,-117.613296
Regional,1086,Regional1086,CA,37.700647,-121.066568
Regional,1087,Regional1087,CA,38.672124,-121.157597
Regional,1132,Regional1132,CA,37.598895,-122.067586
Regional,1143,Regional1143,CA,38.372375,-121.958418
Regional,1144,Regional1144,CA,34.191734,-118.332852
Regional,1148,Regional1148,CA,38.453845,-121.40379
Regional,1150,Regional1150,CA,37.694299,-121.744432
Regional,1162,Regional1162,CA,34.220677,-118.60721
Regional,1170,Regional1170,CA,34.107868,-117.8193
Regional,1201,Regional1201,CA,39.71645,-121.798706
Regional,1207,Regional1207,CA,38.788855,-121.280495
Regional,1510,Regional1510,CA,34.426594,-118.540231
Regional,1540,Regional1540,CA,38.677465,-121.273704
Regional,1541,Regional1541,CA,36.809963,-119.698593
Regional,1545,Regional1545,CA,38.022502,-121.269957
Regional,1552,Regional1552,CA,37.005779,-121.554286
Regional,1555,Regional1555,CA,33.922533,-118.324463
Regional,1556,Regional1556,CA,33.742715,-117.004608
Regional,1562,Regional1562,CA,33.91369,-117.967965
Regional,1574,Regional1574,CA,33.940498,-117.275617
Regional,1576,Regional1576,CA,33.560847,-117.20645
Regional,1588,Regional1588,CA,33.230631,-117.309537
Regional,1591,Regional1591,CA,33.984059,-118.102362
Regional,1611,Regional1611,CA,36.293337,-119.310987
Regional,1616,Regional1616,CA,33.195884,-117.248198
Regional,1661,Regional1661,CA,32.839798,-116.992427
Regional,1672,Regional1672,CA,37.316832,-120.496874
Regional,1697,Regional1697,CA,33.13427,-117.177935
Regional,1700,Regional1700,CA,34.137985,-117.437861
Regional,1706,Regional1706,CA,38.117183,-121.308832
Regional,1708,Regional1708,CA,35.298177,-119.026876
Regional,1734,Regional1734,CA,34.265987,-119.2449
Regional,1742,Regional1742,CA,32.647969,-116.967447
Regional,1743,Regional1743,CA,33.868312,-117.541609
Regional,1753,Regional1753,CA,33.715763,-117.986907
Regional,1756,Regional1756,CA,37.253002,-121.802116
Regional,1852,Regional1852,CA,34.273106,-118.426903
Regional,1871,Regional1871,CA,38.135685,-122.206314
Regional,1872,Regional1872,CA,33.993912,-117.916496
Regional,1873,Regional1873,CA,34.236578,-118.560098
Regional,1895,Regional1895,CA,37.503454,-121.972603
Regional,1900,Regional1900,CA,33.576654,-117.723477
Regional,1901,Regional1901,CA,38.333888,-122.715213
Regional,1926,Regional1926,CA,40.572362,-122.349026
Regional,1933,Regional1933,CA,39.139573,-121.647303
Regional,1941,Regional1941,CA,34.219193,-119.179595
Regional,1971,Regional1971,CA,34.285279,-118.775868
Regional,1972,Regional1972,CA,34.396114,-118.460654
Regional,1987,Regional1987,CA,33.694993,-117.337702
Regional,2211,Regional2211,CA,37.38096,-122.011667
Regional,2215,Regional2215,CA,36.327977,-119.672697
Regional,2227,Regional2227,CA,38.049018,-121.373794
Regional,2268,Regional2268,CA,33.803049,-118.332205
Regional,2270,Regional2270,CA,34.032118,-117.629936
Regional,2273,Regional2273,CA,37.705513,-121.875082
Regional,2278,Regional2278,CA,36.05402,-119.028384
Regional,2279,Regional2279,CA,37.971481,-120.368614
Regional,2294,Regional2294,CA,33.67045,-117.175697
Regional,2330,Regional2330,CA,33.970236,-117.546058
Regional,2331,Regional2331,CA,33.128198,-117.26809
Regional,2334,Regional2334,CA,37.524969,-120.884091
Regional,2335,Regional2335,CA,38.370512,-120.802814
Regional,2341,Regional2341,CA,38.581194,-121.284309
Regional,2424,Regional2424,CA,35.396101,-118.973565
Regional,2452,Regional2452,CA,37.658265,-122.40416
Regional,2473,Regional2473,CA,36.224701,-119.329454
Regional,2481,Regional2481,CA,33.128401,-117.09499
Regional,2499,Regional2499,CA,38.874154,-121.294989
Regional,2502,Regional2502,CA,34.673748,-118.145353
Regional,2508,Regional2508,CA,37.961783,-121.759339
Regional,2528,Regional2528,CA,34.472749,-117.240759
Regional,2547,Regional2547,CA,34.554517,-118.043799
Regional,2550,Regional2550,CA,32.815788,-115.569743
Regional,2583,Regional2583,CA,33.789289,-116.386926
Regional,2604,Regional2604,CA,38.005199,-122.0438
Regional,2605,Regional2605,CA,33.698342,-117.826627
Regional,2660,Regional2660,CA,36.356449,-119.332059
Regional,2712,Regional2712,CA,36.974517,-120.081008
Regional,2714,Regional2714,CA,34.048604,-118.334922
Regional,2730,Regional2730,CA,35.645166,-120.658145
Regional,2755,Regional2755,CA,38.555311,-121.538972
Regional,2783,Regional2783,CA,33.982441,-117.700722
Regional,2790,Regional2790,CA,37.379795,-121.900316
Regional,2805,Regional2805,CA,0,0
Regional,2842,Regional2842,CA,37.349274,-121.922905
Regional,2856,Regional2856,CA,34.109786,-117.173251
Regional,3095,Regional3095,CA,37.740326,-122.406059
Regional,3151,Regional3151,CA,34.103989,-117.903954
Regional,3164,Regional3164,CA,0,0
Regional,3170,Regional3170,CA,34.1945678,-118.9375759
Regional,3214,Regional3214,CA,32.95712,-117.03331
Regional,3352,Regional3352,CA,34.923728,-120.419571
Regional,4704,Regional4704,CA,36.848787,-119.793568
Regional,4709,Regional4709,CA,33.859209,-117.595737
Regional,4735,Regional4735,CA,33.913724,-117.971266
Regional,4767,Regional4767,CA,34.608204,-118.145541
Regional,4799,Regional4799,CA,38.680628,-121.295976
Regional,4819,Regional4819,CA,35.304314,-119.094866
Regional,4822,Regional4822,CA,33.556252,-117.179232
Regional,4824,Regional4824,CA,34.416253,-118.503123
Regional,6235,Regional6235,CA,32.739457,-117.055934
Regional,6240,Regional6240,CA,34.11516,-117.833224
Regional,6378,Regional6378,CA,33.936935,-117.287407
Regional,6405,Regional6405,CA,39.139663,-121.645515
Regional,6433,Regional6433,CA,38.363995,-121.957925
Regional,6455,Regional6455,CA,34.225169,-119.161391
